CATEGORIA,COLEÇÃO,REFERÊNCIA/NOME,PREÇO_EUR,TOTAL_FOTOS,URLs_IMAGENS,PÁGINA_ORIGEM
Noivas,Coleção 1,ML2902,1675 €,14,https://melosnoivas.pt/images/galeria/noivas1/ML2902%281%29%281675.jpg | https://melosnoivas.pt/images/galeria/noivas1/ml2902%281%29.jpg | https://melosnoivas.pt/images/galeria/noivas1/ml2902%2810%29.jpg | https://melosnoivas.pt/images/galeria/noivas1/ml2902%2811%29.jpg | https://melosnoivas.pt/images/galeria/noivas1/ML2902%282%29%281675.jpg | https://melosnoivas.pt/images/galeria/noivas1/ml2902%282%29.jpg | https://melosnoivas.pt/images/galeria/noivas1/ML2902%283%29%281675.jpg | https://melosno...,https://melosnoivas.pt/index.php?option=com_content&view=article&id=22
Noivas,Coleção 1,ML2905,1957.50 €,4,https://melosnoivas.pt/images/galeria/noivas1/ML2905%281%29%281957.50%29.jpg | https://melosnoivas.pt/images/galeria/noivas1/ML2905%282%29%281957.jpg | https://melosnoivas.pt/images/galeria/noivas1/ML2905%283%29%281957.jpg | https://melosnoivas.pt/images/galeria/noivas1/ML2905%284%29%281957.jpg,https://melosnoivas.pt/index.php?option=com_content&view=article&id=22
Noivas,Coleção 1,ML2905-2932_06675,,4,https://melosnoivas.pt/images/galeria/noivas1/ml2905-2932_06675%20%281%29.jpg | https://melosnoivas.pt/images/galeria/noivas1/ml2905-2932_06675%20%282%29.jpg | https://melosnoivas.pt/images/galeria/noivas1/ml2905-2932_06675%20%283%29.jpg | https://melosnoivas.pt/images/galeria/noivas1/ml2905-2932_06675%20%284%29.jpg,https://melosnoivas.pt/index.php?option=com_content&view=article&id=22
Noivas,Coleção 1,ML2923,1397 €,3,https://melosnoivas.pt/images/galeria/noivas1/ML2923%281%29%281397.jpg | https://melosnoivas.pt/images/galeria/noivas1/ML2923%282%29%281397.jpg | https://melosnoivas.pt/images/galeria/noivas1/ML2923%283%29%281397.jpg,https://melosnoivas.pt/index.php?option=com_content&view=article&id=22
Noivas,Coleção 1,ML2946,1765 €,3,https://melosnoivas.pt/images/galeria/noivas1/ML2946%281%29%281765.jpg | https://melosnoivas.pt/images/galeria/noivas1/ML2946%282%29%281765.jpg | https://melosnoivas.pt/images/galeria/noivas1/ML2946%283%29%281765.jpg,https://melosnoivas.pt/index.php?option=com_content&view=article&id=22
Noivas,Coleção 1,ML2977,1765 €,3,https://melosnoivas.pt/images/galeria/noivas1/ML2977%281%29%281765.jpg | https://melosnoivas.pt/images/galeria/noivas1/ML2977%282%29%281765.jpg | https://melosnoivas.pt/images/galeria/noivas1/ML2977%283%29%281765.jpg,https://melosnoivas.pt/index.php?option=com_content&view=article&id=22
Noivas,Coleção 1,ML2977-2932_06675,,1,https://melosnoivas.pt/images/galeria/noivas1/ml2977-2932_06675%20%285%29.jpg,https://melosnoivas.pt/index.php?option=com_content&view=article&id=22
Noivas,Coleção 1,ML2990,1285 €,3,https://melosnoivas.pt/images/galeria/noivas1/ML2990%281%29%281285.jpg | https://melosnoivas.pt/images/galeria/noivas1/ML2990%282%29%281285.jpg | https://melosnoivas.pt/images/galeria/noivas1/ML2990%283%29%281285.jpg,https://melosnoivas.pt/index.php?option=com_content&view=article&id=22
Noivas,Coleção 1,ML2990_17392,,1,https://melosnoivas.pt/images/galeria/noivas1/ml2990_17392.jpg,https://melosnoivas.pt/index.php?option=com_content&view=article&id=22
Noivas,Coleção 1,ML3471W,1680 €,3,https://melosnoivas.pt/images/galeria/noivas1/ML3471W%281%29%281680.jpg | https://melosnoivas.pt/images/galeria/noivas1/ML3471W%282%29%281680.jpg | https://melosnoivas.pt/images/galeria/noivas1/ML3471W%283%29%281680.jpg,https://melosnoivas.pt/index.php?option=com_content&view=article&id=22
Noivas,Coleção 1,ML3471W_20920,,1,https://melosnoivas.pt/images/galeria/noivas1/ml3471W_20920.jpg,https://melosnoivas.pt/index.php?option=com_content&view=article&id=22
Noivas,Coleção 1,MT3530,1885 €,3,https://melosnoivas.pt/images/galeria/noivas1/MT3530%281%29%281885.jpeg | https://melosnoivas.pt/images/galeria/noivas1/MT3530%282%29%281885.jpeg | https://melosnoivas.pt/images/galeria/noivas1/MT3530%283%29%281885.jpeg,https://melosnoivas.pt/index.php?option=com_content&view=article&id=22
Noivas,Coleção 1,MT3530FVCAPE63,325 €,2,https://melosnoivas.pt/images/galeria/noivas1/MT3530fVcape63%281%29%28325%29.jpeg | https://melosnoivas.pt/images/galeria/noivas1/MT3530fVcape63%282%29%28325%29.jpeg,https://melosnoivas.pt/index.php?option=com_content&view=article&id=22
Noivas,Coleção 1,MT3537,1295.00 €,5,https://melosnoivas.pt/images/galeria/noivas1/MT3537%20%281%29%281295.00%29.jpg | https://melosnoivas.pt/images/galeria/noivas1/mt3537%20%281%29.jpeg | https://melosnoivas.pt/images/galeria/noivas1/mt3537%20%282%29.jpg | https://melosnoivas.pt/images/galeria/noivas1/MT3537%282%29%281295.00%29.jpg | https://melosnoivas.pt/images/galeria/noivas1/MT3537%283%29%281295.00%29.jpg,https://melosnoivas.pt/index.php?option=com_content&view=article&id=22
Noivas,Coleção 1,MT8092CAPA,650.00 €,2,https://melosnoivas.pt/images/galeria/noivas1/MT8092CAPA%281%29%28650.00%29.jpg | https://melosnoivas.pt/images/galeria/noivas1/MT8092CAPA%282%29%28650.00%29.jpg,https://melosnoivas.pt/index.php?option=com_content&view=article&id=22
Noivas,Coleção 1,MT8234,925 €,3,https://melosnoivas.pt/images/galeria/noivas1/MT8234%281%29%28925%29.jpg | https://melosnoivas.pt/images/galeria/noivas1/MT8234%282%29%28925%29.jpg | https://melosnoivas.pt/images/galeria/noivas1/MT8234%283%29%28925%29.jpg,https://melosnoivas.pt/index.php?option=com_content&view=article&id=22
Noivas,Coleção 1,MT8295,1375.00 €,2,https://melosnoivas.pt/images/galeria/noivas1/MT8295%281%29%281375.00%29.jpeg | https://melosnoivas.pt/images/galeria/noivas1/MT8295%282%29%281375.00%29.jpeg,https://melosnoivas.pt/index.php?option=com_content&view=article&id=22
Noivas,Coleção 1,MT8295A,1375 €,2,https://melosnoivas.pt/images/galeria/noivas1/MT8295a%283%29%281375.webp | https://melosnoivas.pt/images/galeria/noivas1/MT8295a%284%29%281375.webp,https://melosnoivas.pt/index.php?option=com_content&view=article&id=22
Noivas,Coleção 1,MT8324,1375 €,2,https://melosnoivas.pt/images/galeria/noivas1/MT8324%281%29%281375%29.webp | https://melosnoivas.pt/images/galeria/noivas1/MT8324%282%29%281375%29.webp,https://melosnoivas.pt/index.php?option=com_content&view=article&id=22
Noivas,Coleção 1,MT8334,1125 €,2,https://melosnoivas.pt/images/galeria/noivas1/MT8334%281%29%281125%29.webp | https://melosnoivas.pt/images/galeria/noivas1/MT8334%283%29%281125%29.webp,https://melosnoivas.pt/index.php?option=com_content&view=article&id=22
Noivas,Coleção 1,MT8334C,1125 €,1,https://melosnoivas.pt/images/galeria/noivas1/MT8334c%281%29%281125%29.webp,https://melosnoivas.pt/index.php?option=com_content&view=article&id=22
Noivas,Coleção 1,MT8336A,1125 €,2,https://melosnoivas.pt/images/galeria/noivas1/MT8336a%281%29%281125%29.webp | https://melosnoivas.pt/images/galeria/noivas1/MT8336a%282%29%281125%29.webp,https://melosnoivas.pt/index.php?option=com_content&view=article&id=22
Noivas,Coleção 1,MT8336C,1125 €,1,https://melosnoivas.pt/images/galeria/noivas1/MT8336c%281%29%281125%29.webp,https://melosnoivas.pt/index.php?option=com_content&view=article&id=22
Noivas,Coleção 1,MT8357,1750.00 €,7,https://melosnoivas.pt/images/galeria/noivas1/mt8357%20%283%29.jpeg | https://melosnoivas.pt/images/galeria/noivas1/mt8357%20%286%29.jpeg | https://melosnoivas.pt/images/galeria/noivas1/MT8357%281%29%281750.00%29.jpg | https://melosnoivas.pt/images/galeria/noivas1/MT8357%282%29%281750.00%29.jpg | https://melosnoivas.pt/images/galeria/noivas1/MT8357%283%29%281750.00%29.jpg | https://melosnoivas.pt/images/galeria/noivas1/MT8357%284%29%281750.00%29.jpg | https://melosnoivas.pt/images/galeria/noivas...,https://melosnoivas.pt/index.php?option=com_content&view=article&id=22
Noivas,Coleção 1,MT8365+0022,1100.00 €,3,https://melosnoivas.pt/images/galeria/noivas1/MT8365%2B0022%281%29%281100.00%29.jpg | https://melosnoivas.pt/images/galeria/noivas1/MT8365%2B0022%282%29%281100.00%29.jpg | https://melosnoivas.pt/images/galeria/noivas1/MT8365%2B0022%283%29%281100.00%29.jpg,https://melosnoivas.pt/index.php?option=com_content&view=article&id=22
Noivas,Coleção 1,MT8368,1295 €,6,https://melosnoivas.pt/images/galeria/noivas1/mt8368%20%281%29.jpeg | https://melosnoivas.pt/images/galeria/noivas1/mt8368%20%282%29.jpeg | https://melosnoivas.pt/images/galeria/noivas1/mt8368%20%283%29.jpeg | https://melosnoivas.pt/images/galeria/noivas1/MT8368%281%29%281295.jpg | https://melosnoivas.pt/images/galeria/noivas1/MT8368%282%29%281295.jpg | https://melosnoivas.pt/images/galeria/noivas1/MT8368%283%29%281295.jpg,https://melosnoivas.pt/index.php?option=com_content&view=article&id=22
Noivas,Coleção 1,MT8372,,1,https://melosnoivas.pt/images/galeria/noivas1/mt8372%20%283%29.jpeg,https://melosnoivas.pt/index.php?option=com_content&view=article&id=22
Noivas,Coleção 1,MT8372+8082,1625 €,6,https://melosnoivas.pt/images/galeria/noivas1/MT8372%2B8082%281%29%281625.jpeg | https://melosnoivas.pt/images/galeria/noivas1/MT8372%2B8082%282%29%281625.jpeg | https://melosnoivas.pt/images/galeria/noivas1/MT8372%2B8082%283%29%281625.jpeg | https://melosnoivas.pt/images/galeria/noivas1/MT8372%2B8082%284%29%281625.jpeg | https://melosnoivas.pt/images/galeria/noivas1/MT8372%2B8082%285%29%281625.jpeg | https://melosnoivas.pt/images/galeria/noivas1/MT8372%2B8082%286%29%281625.jpeg,https://melosnoivas.pt/index.php?option=com_content&view=article&id=22
Noivas,Coleção 1,MT8377 BODICE,,4,https://melosnoivas.pt/images/galeria/noivas1/mt8377%20bodice%20%283%29.jpeg | https://melosnoivas.pt/images/galeria/noivas1/mt8377%20bodice%20%284%29.jpeg | https://melosnoivas.pt/images/galeria/noivas1/mt8377%20bodice%20%285%29.jpeg | https://melosnoivas.pt/images/galeria/noivas1/mt8377%20bodice%20%286%29.jpeg,https://melosnoivas.pt/index.php?option=com_content&view=article&id=22
Noivas,Coleção 1,MT8377+8065,1365 €,3,https://melosnoivas.pt/images/galeria/noivas1/MT8377%2B8065%281%29%281365.jpeg | https://melosnoivas.pt/images/galeria/noivas1/MT8377%2B8065%282%29%281365.jpeg | https://melosnoivas.pt/images/galeria/noivas1/MT8377%2B8065%283%29%281365.00%29.jpeg,https://melosnoivas.pt/index.php?option=com_content&view=article&id=22
Noivas,Coleção 1,RJ69846,,4,https://melosnoivas.pt/images/galeria/noivas1/RJ69846%281%29.jpeg | https://melosnoivas.pt/images/galeria/noivas1/RJ69846%282%29.jpeg | https://melosnoivas.pt/images/galeria/noivas1/RJ69846%283%29.jpeg | https://melosnoivas.pt/images/galeria/noivas1/RJ69846%285%29.jpeg,https://melosnoivas.pt/index.php?option=com_content&view=article&id=22
Noivas,Coleção 1,RJ69910_006,,5,https://melosnoivas.pt/images/galeria/noivas1/rj69910_006%20%281%29.jpg | https://melosnoivas.pt/images/galeria/noivas1/rj69910_006%20%282%29.jpg | https://melosnoivas.pt/images/galeria/noivas1/rj69910_006%20%283%29.jpg | https://melosnoivas.pt/images/galeria/noivas1/rj69910_006%20%284%29.jpg | https://melosnoivas.pt/images/galeria/noivas1/rj69910_006%20%285%29.jpg,https://melosnoivas.pt/index.php?option=com_content&view=article&id=22
Noivas,Coleção 1,RJ69922_071,,6,https://melosnoivas.pt/images/galeria/noivas1/rj69922_071%20%281%29.jpg | https://melosnoivas.pt/images/galeria/noivas1/rj69922_071%20%282%29.jpg | https://melosnoivas.pt/images/galeria/noivas1/rj69922_071%20%283%29.jpg | https://melosnoivas.pt/images/galeria/noivas1/rj69922_071%20%284%29.jpg | https://melosnoivas.pt/images/galeria/noivas1/rj69922_071%20%285%29.jpg | https://melosnoivas.pt/images/galeria/noivas1/rj69922_071%20%286%29.jpg,https://melosnoivas.pt/index.php?option=com_content&view=article&id=22
Noivas,Coleção 1,VI53055_0007,,5,https://melosnoivas.pt/images/galeria/noivas1/vi53055_0007%20%281%29.jpg | https://melosnoivas.pt/images/galeria/noivas1/vi53055_0007%20%282%29.jpg | https://melosnoivas.pt/images/galeria/noivas1/vi53055_0007%20%283%29.jpg | https://melosnoivas.pt/images/galeria/noivas1/vi53055_0007%20%284%29.jpg | https://melosnoivas.pt/images/galeria/noivas1/vi53055_0007%20%285%29.jpg,https://melosnoivas.pt/index.php?option=com_content&view=article&id=22
Noivas,Coleção 1,VI53055_0108,,8,https://melosnoivas.pt/images/galeria/noivas1/vi53055_0108%20%281%29.jpg | https://melosnoivas.pt/images/galeria/noivas1/vi53055_0108%20%282%29.jpg | https://melosnoivas.pt/images/galeria/noivas1/vi53055_0108%20%283%29.jpg | https://melosnoivas.pt/images/galeria/noivas1/vi53055_0108%20%284%29.jpg | https://melosnoivas.pt/images/galeria/noivas1/vi53055_0108%20%285%29.jpg | https://melosnoivas.pt/images/galeria/noivas1/vi53055_0108%20%286%29.jpg | https://melosnoivas.pt/images/galeria/noivas1/vi53...,https://melosnoivas.pt/index.php?option=com_content&view=article&id=22
Noivas,Coleção 1,VI53059_0015,,10,https://melosnoivas.pt/images/galeria/noivas1/vi53059_0015%20%281%29.jpg | https://melosnoivas.pt/images/galeria/noivas1/vi53059_0015%20%2810%29.jpg | https://melosnoivas.pt/images/galeria/noivas1/vi53059_0015%20%282%29.jpg | https://melosnoivas.pt/images/galeria/noivas1/vi53059_0015%20%283%29.jpg | https://melosnoivas.pt/images/galeria/noivas1/vi53059_0015%20%284%29.jpg | https://melosnoivas.pt/images/galeria/noivas1/vi53059_0015%20%285%29.jpg | https://melosnoivas.pt/images/galeria/noivas1/vi5...,https://melosnoivas.pt/index.php?option=com_content&view=article&id=22
Noivas,Coleção 1,VI63006,2237 €,4,https://melosnoivas.pt/images/galeria/noivas1/VI63006%20%281%29%282237.jpg | https://melosnoivas.pt/images/galeria/noivas1/VI63006%20%282%29%282237.jpg | https://melosnoivas.pt/images/galeria/noivas1/VI63006%284%29%282237.jpg | https://melosnoivas.pt/images/galeria/noivas1/VI63006%285%29%282237.jpg,https://melosnoivas.pt/index.php?option=com_content&view=article&id=22
Noivas,Coleção 1,VI63006_0056,,3,https://melosnoivas.pt/images/galeria/noivas1/vi63006_0056%20%281%29.jpg | https://melosnoivas.pt/images/galeria/noivas1/vi63006_0056%20%282%29.jpg | https://melosnoivas.pt/images/galeria/noivas1/vi63006_0056%20%283%29.jpg,https://melosnoivas.pt/index.php?option=com_content&view=article&id=22
Noivas,Coleção 1,VI63027,2525 €,5,https://melosnoivas.pt/images/galeria/noivas1/VI63027%281%29%282525.jpg | https://melosnoivas.pt/images/galeria/noivas1/VI63027%282%29%282525.jpg | https://melosnoivas.pt/images/galeria/noivas1/VI63027%283%29%282525.jpg | https://melosnoivas.pt/images/galeria/noivas1/VI63027%284%29%282525.jpg | https://melosnoivas.pt/images/galeria/noivas1/VI63027%285%29%282525.jpg,https://melosnoivas.pt/index.php?option=com_content&view=article&id=22
Noivas,Coleção 1,VI63070,1475 €,3,https://melosnoivas.pt/images/galeria/noivas1/VI63070%281%29%281475.jpg | https://melosnoivas.pt/images/galeria/noivas1/VI63070%282%29%281475.jpg | https://melosnoivas.pt/images/galeria/noivas1/VI63070%283%29%281475.jpg,https://melosnoivas.pt/index.php?option=com_content&view=article&id=22
Noivas,Coleção 1,VI63070_0008,,6,https://melosnoivas.pt/images/galeria/noivas1/vi63070_0008%20%281%29.jpg | https://melosnoivas.pt/images/galeria/noivas1/vi63070_0008%20%282%29.jpg | https://melosnoivas.pt/images/galeria/noivas1/vi63070_0008%20%283%29.jpg | https://melosnoivas.pt/images/galeria/noivas1/vi63070_0008%20%284%29.jpg | https://melosnoivas.pt/images/galeria/noivas1/vi63070_0008%20%285%29.jpg | https://melosnoivas.pt/images/galeria/noivas1/vi63070_0008%20%286%29.jpg,https://melosnoivas.pt/index.php?option=com_content&view=article&id=22
Noivas,Coleção 1,VI63103,2097 €,3,https://melosnoivas.pt/images/galeria/noivas1/VI63103%281%29%282097.jpg | https://melosnoivas.pt/images/galeria/noivas1/VI63103%282%29%282097.jpg | https://melosnoivas.pt/images/galeria/noivas1/VI63103%283%29%282097.50%29.jpg,https://melosnoivas.pt/index.php?option=com_content&view=article&id=22
Noivas,Coleção 1,VI63103PS,Sob consulta,1,https://melosnoivas.pt/images/galeria/noivas1/VI63103PS%281%29SOB%20CONSULTA.jpg,https://melosnoivas.pt/index.php?option=com_content&view=article&id=22
Noivas,Coleção 1,VI63103_10222_02107,,6,https://melosnoivas.pt/images/galeria/noivas1/vi63103_10222_02107%20%281%29.jpg | https://melosnoivas.pt/images/galeria/noivas1/vi63103_10222_02107%20%282%29.jpg | https://melosnoivas.pt/images/galeria/noivas1/vi63103_10222_02107%20%283%29.jpg | https://melosnoivas.pt/images/galeria/noivas1/vi63103_10222_02107%20%284%29.jpg | https://melosnoivas.pt/images/galeria/noivas1/vi63103_10222_02107%20%285%29.jpg | https://melosnoivas.pt/images/galeria/noivas1/vi63103_10222_02107%20%286%29.jpg,https://melosnoivas.pt/index.php?option=com_content&view=article&id=22
Noivas,Coleção 1,VI63106,1695 €,3,https://melosnoivas.pt/images/galeria/noivas1/VI63106%281%29%281695.jpg | https://melosnoivas.pt/images/galeria/noivas1/VI63106%282%29%281695.jpg | https://melosnoivas.pt/images/galeria/noivas1/VI63106%283%29%281695.jpg,https://melosnoivas.pt/index.php?option=com_content&view=article&id=22
Noivas,Coleção 1,VI63106CAPA SOB CONSULTA,Sob consulta,1,https://melosnoivas.pt/images/galeria/noivas1/VI63106CAPA%20SOB%20CONSULTA.jpg,https://melosnoivas.pt/index.php?option=com_content&view=article&id=22
Noivas,Coleção 1,VI63122,2375.00 €,3,https://melosnoivas.pt/images/galeria/noivas1/VI63122%281%29%282375.00%29.jpg | https://melosnoivas.pt/images/galeria/noivas1/VI63122%282%29%282375.00%29.jpg | https://melosnoivas.pt/images/galeria/noivas1/VI63122%283%29%282375.00%29.jpg,https://melosnoivas.pt/index.php?option=com_content&view=article&id=22
Noivas,Coleção 1,VI63122_63123,Sob consulta,2,https://melosnoivas.pt/images/galeria/noivas1/VI63122_63123%281%29SAIASOBCONSULTA.jpg | https://melosnoivas.pt/images/galeria/noivas1/VI63122_63123%282%29SAIASOBCONSULTA.jpg,https://melosnoivas.pt/index.php?option=com_content&view=article&id=22
Noivas,Coleção 1,VI63122_63123-3289,,1,https://melosnoivas.pt/images/galeria/noivas1/vi63122_63123-3289.jpg,https://melosnoivas.pt/index.php?option=com_content&view=article&id=22
Noivas,Coleção 1,Z02,,11,https://melosnoivas.pt/images/galeria/noivas1/z02%20%281%29.jpg | https://melosnoivas.pt/images/galeria/noivas1/z02%20%282%29.jpg | https://melosnoivas.pt/images/galeria/noivas1/z02%20%283%29.jpg | https://melosnoivas.pt/images/galeria/noivas1/z02%20%284%29.jpg | https://melosnoivas.pt/images/galeria/noivas1/z02%20%285%29.jpeg | https://melosnoivas.pt/images/galeria/noivas1/z02%20%285%29.jpg | https://melosnoivas.pt/images/galeria/noivas1/z02%20%286%29.jpeg | https://melosnoivas.pt/images/galeri...,https://melosnoivas.pt/index.php?option=com_content&view=article&id=22
Noivas,Coleção 1,ZBR 25421 1858,,4,https://melosnoivas.pt/images/galeria/noivas1/zBR%2025421%201858%20%281%29.jpg | https://melosnoivas.pt/images/galeria/noivas1/zBR%2025421%201858%20%282%29.jpg | https://melosnoivas.pt/images/galeria/noivas1/zBR%2025421%201858%20%283%29.jpg | https://melosnoivas.pt/images/galeria/noivas1/zBR%2025421%201858%20%284%29.jpg,https://melosnoivas.pt/index.php?option=com_content&view=article&id=22
Noivas,Coleção 1,ZME 25301 6396,,2,https://melosnoivas.pt/images/galeria/noivas1/zME%2025301%206396%20%281%29.jpg | https://melosnoivas.pt/images/galeria/noivas1/zME%2025301%206396%20%282%29.jpg,https://melosnoivas.pt/index.php?option=com_content&view=article&id=22
Noivas,Coleção 2,AC441,975 €,3,https://melosnoivas.pt/images/galeria/noivas2/AC441%281%29%28975.jpg | https://melosnoivas.pt/images/galeria/noivas2/AC441%282%29%28975.jpg | https://melosnoivas.pt/images/galeria/noivas2/AC441%283%29%28975.jpg,https://melosnoivas.pt/index.php?option=com_content&view=article&id=22
Noivas,Coleção 2,AC443,625 €,3,https://melosnoivas.pt/images/galeria/noivas2/AC443%281%29%28625.jpg | https://melosnoivas.pt/images/galeria/noivas2/AC443%282%29%28625.jpg | https://melosnoivas.pt/images/galeria/noivas2/AC443%283%29%28625.jpg,https://melosnoivas.pt/index.php?option=com_content&view=article&id=22
Noivas,Coleção 2,AC447,1195 €,3,https://melosnoivas.pt/images/galeria/noivas2/AC447%281%29%281195.jpg | https://melosnoivas.pt/images/galeria/noivas2/AC447%282%29%281195.jpg | https://melosnoivas.pt/images/galeria/noivas2/AC447%283%29%281195.jpg,https://melosnoivas.pt/index.php?option=com_content&view=article&id=22
Noivas,Coleção 2,AC467,775 €,3,https://melosnoivas.pt/images/galeria/noivas2/AC467%281%29%28775.jpg | https://melosnoivas.pt/images/galeria/noivas2/AC467%282%29%28775.jpg | https://melosnoivas.pt/images/galeria/noivas2/AC467%283%29%28775.jpg,https://melosnoivas.pt/index.php?option=com_content&view=article&id=22
Noivas,Coleção 2,AC502,825 €,3,https://melosnoivas.pt/images/galeria/noivas2/AC502%281%29%28825.jpg | https://melosnoivas.pt/images/galeria/noivas2/AC502%282%29%28825.jpg | https://melosnoivas.pt/images/galeria/noivas2/AC502%284%29%28825.jpg,https://melosnoivas.pt/index.php?option=com_content&view=article&id=22
Noivas,Coleção 2,AC608,785.00 €,1,https://melosnoivas.pt/images/galeria/noivas2/AC608%28785.00%29.jpg,https://melosnoivas.pt/index.php?option=com_content&view=article&id=22
Noivas,Coleção 2,AC613,885.00 €,1,https://melosnoivas.pt/images/galeria/noivas2/AC613%28885.00%29.jpg,https://melosnoivas.pt/index.php?option=com_content&view=article&id=22
Noivas,Coleção 2,AC630,995.00 €,1,https://melosnoivas.pt/images/galeria/noivas2/AC630%28995.00%29.jpg,https://melosnoivas.pt/index.php?option=com_content&view=article&id=22
Noivas,Coleção 2,AC638,525.00 €,1,https://melosnoivas.pt/images/galeria/noivas2/AC638%28525.00%29.jpg,https://melosnoivas.pt/index.php?option=com_content&view=article&id=22
Noivas,Coleção 2,AC639,885.00 €,1,https://melosnoivas.pt/images/galeria/noivas2/AC639%28885.00%29.jpg,https://melosnoivas.pt/index.php?option=com_content&view=article&id=22
Noivas,Coleção 2,AC654,865.00 €,1,https://melosnoivas.pt/images/galeria/noivas2/AC654%28865.00%29.jpg,https://melosnoivas.pt/index.php?option=com_content&view=article&id=22
Noivas,Coleção 2,AC657,885.00 €,1,https://melosnoivas.pt/images/galeria/noivas2/AC657%28885.00%29.jpg,https://melosnoivas.pt/index.php?option=com_content&view=article&id=22
Noivas,Coleção 2,AC665,1075.00 €,1,https://melosnoivas.pt/images/galeria/noivas2/AC665%281075.00%29%281635.00%29.jpg,https://melosnoivas.pt/index.php?option=com_content&view=article&id=22
Noivas,Coleção 2,AC672,1195.00 €,1,https://melosnoivas.pt/images/galeria/noivas2/AC672%281195.00%29.jpg,https://melosnoivas.pt/index.php?option=com_content&view=article&id=22
Noivas,Coleção 2,AC685,825.00 €,1,https://melosnoivas.pt/images/galeria/noivas2/AC685%28825.00%29.jpg,https://melosnoivas.pt/index.php?option=com_content&view=article&id=22
Noivas,Coleção 2,AC699,1345.00 €,1,https://melosnoivas.pt/images/galeria/noivas2/AC699%281345.00%29.jpg,https://melosnoivas.pt/index.php?option=com_content&view=article&id=22
Noivas,Coleção 2,AC703,750.00 €,1,https://melosnoivas.pt/images/galeria/noivas2/AC703%28750.00%29.jpg,https://melosnoivas.pt/index.php?option=com_content&view=article&id=22
Noivas,Coleção 2,ACREUS,999 €,2,https://melosnoivas.pt/images/galeria/noivas2/ACREUS%20%282%29%20-%20%28999%29.jpg | https://melosnoivas.pt/images/galeria/noivas2/ACREUS%20%284%29%20-%20%28999%29.jpg,https://melosnoivas.pt/index.php?option=com_content&view=article&id=22
Noivas,Coleção 2,ACZIVA,815 €,3,https://melosnoivas.pt/images/galeria/noivas2/ACZIVA%20%282%29%20%28815.jpg | https://melosnoivas.pt/images/galeria/noivas2/ACZIVA%20%284%29%20%28815.jpg | https://melosnoivas.pt/images/galeria/noivas2/ACZIVA%20%286%29%20%28815.jpg,https://melosnoivas.pt/index.php?option=com_content&view=article&id=22
Noivas,Coleção 2,LN24CARICE,1670 €,3,https://melosnoivas.pt/images/galeria/noivas2/LN24CARICE%281%29%281670.jpg | https://melosnoivas.pt/images/galeria/noivas2/LN24CARICE%285%29%281670.jpg | https://melosnoivas.pt/images/galeria/noivas2/LN24CARICE%287%29%281670.jpg,https://melosnoivas.pt/index.php?option=com_content&view=article&id=22
Noivas,Coleção 2,LN24TULSA,1360 €,3,https://melosnoivas.pt/images/galeria/noivas2/LN24TULSA%281%29%281360%29S.jpg | https://melosnoivas.pt/images/galeria/noivas2/LN24TULSA%282%29%281360%29S.jpg | https://melosnoivas.pt/images/galeria/noivas2/LN24TULSA%283%29%281360%29S.jpg,https://melosnoivas.pt/index.php?option=com_content&view=article&id=22
Noivas,Coleção 2,LN26JAILA,1780.00 €,4,https://melosnoivas.pt/images/galeria/noivas2/LN26JAILA%281%29%281780.00%29.jpg | https://melosnoivas.pt/images/galeria/noivas2/LN26JAILA%282%29%281780.jpg | https://melosnoivas.pt/images/galeria/noivas2/LN26JAILA%283%29%281780.jpg | https://melosnoivas.pt/images/galeria/noivas2/LN26JAILA%284%29%281780.jpg,https://melosnoivas.pt/index.php?option=com_content&view=article&id=22
Noivas,Coleção 2,LN26JALISA,1910 €,4,https://melosnoivas.pt/images/galeria/noivas2/LN26JALISA%281%29%281910.jpg | https://melosnoivas.pt/images/galeria/noivas2/LN26JALISA%282%29%281910.jpg | https://melosnoivas.pt/images/galeria/noivas2/LN26JALISA%283%29%281910.jpg | https://melosnoivas.pt/images/galeria/noivas2/LN26JALISA%284%29%281910.jpg,https://melosnoivas.pt/index.php?option=com_content&view=article&id=22
Noivas,Coleção 2,LN26JANEK,1670 €,4,https://melosnoivas.pt/images/galeria/noivas2/LN26JANEK%281%29%281670.jpg | https://melosnoivas.pt/images/galeria/noivas2/LN26JANEK%282%29%281670.jpg | https://melosnoivas.pt/images/galeria/noivas2/LN26JANEK%283%29%281670.jpg | https://melosnoivas.pt/images/galeria/noivas2/LN26JANEK%284%29%281670.jpg,https://melosnoivas.pt/index.php?option=com_content&view=article&id=22
Noivas,Coleção 2,LN26JANIAH,1390 €,4,https://melosnoivas.pt/images/galeria/noivas2/LN26JANIAH%281%29%281390.jpg | https://melosnoivas.pt/images/galeria/noivas2/LN26JANIAH%282%29%281390.jpg | https://melosnoivas.pt/images/galeria/noivas2/LN26JANIAH%283%29%281390.jpg | https://melosnoivas.pt/images/galeria/noivas2/LN26JANIAH%284%29%281390.jpg,https://melosnoivas.pt/index.php?option=com_content&view=article&id=22
Noivas,Coleção 2,LN26JARELLA,1770 €,3,https://melosnoivas.pt/images/galeria/noivas2/LN26JARELLA%281%29%281770.jpg | https://melosnoivas.pt/images/galeria/noivas2/LN26JARELLA%282%29%281770.jpg | https://melosnoivas.pt/images/galeria/noivas2/LN26JARELLA%283%29%281770.jpg,https://melosnoivas.pt/index.php?option=com_content&view=article&id=22
Noivas,Coleção 2,LN26JARETT,2380 €,5,https://melosnoivas.pt/images/galeria/noivas2/LN26JARETT%20%281%29%282380.jpg | https://melosnoivas.pt/images/galeria/noivas2/LN26JARETT%20%282%29%282380.jpg | https://melosnoivas.pt/images/galeria/noivas2/LN26JARETT%20%283%29%282380.jpg | https://melosnoivas.pt/images/galeria/noivas2/LN26JARETT%20%284%29%282380.jpg | https://melosnoivas.pt/images/galeria/noivas2/LN26JARETT%20%285%29%282380.jpg,https://melosnoivas.pt/index.php?option=com_content&view=article&id=22
Noivas,Coleção 2,LN26JAYDE,2170 €,5,https://melosnoivas.pt/images/galeria/noivas2/LN26JAYDE%281%29%282170.jpg | https://melosnoivas.pt/images/galeria/noivas2/LN26JAYDE%282%29%282170.jpg | https://melosnoivas.pt/images/galeria/noivas2/LN26JAYDE%283%29%282170.jpg | https://melosnoivas.pt/images/galeria/noivas2/LN26JAYDE%284%29%282170.jpg | https://melosnoivas.pt/images/galeria/noivas2/LN26JAYDE%285%29%282170.jpg,https://melosnoivas.pt/index.php?option=com_content&view=article&id=22
Noivas,Coleção 2,LN26JENDRI,2450 €,3,https://melosnoivas.pt/images/galeria/noivas2/LN26JENDRI%281%29%282450.jpg | https://melosnoivas.pt/images/galeria/noivas2/LN26JENDRI%282%29%282450.jpg | https://melosnoivas.pt/images/galeria/noivas2/LN26JENDRI%283%29%282450.jpg,https://melosnoivas.pt/index.php?option=com_content&view=article&id=22
Noivas,Coleção 2,LN26JERI,1540 €,4,https://melosnoivas.pt/images/galeria/noivas2/LN26JERI%281%29%281540.jpg | https://melosnoivas.pt/images/galeria/noivas2/LN26JERI%282%29%281540.jpg | https://melosnoivas.pt/images/galeria/noivas2/LN26JERI%283%29%281540.jpg | https://melosnoivas.pt/images/galeria/noivas2/LN26JERI%284%29%281540.jpg,https://melosnoivas.pt/index.php?option=com_content&view=article&id=22
Noivas,Coleção 2,LN26JERMA,1540 €,3,https://melosnoivas.pt/images/galeria/noivas2/LN26JERMA%281%29%281540.jpg | https://melosnoivas.pt/images/galeria/noivas2/LN26JERMA%282%29%281540.jpg | https://melosnoivas.pt/images/galeria/noivas2/LN26JERMA%283%29%281540.jpg,https://melosnoivas.pt/index.php?option=com_content&view=article&id=22
Noivas,Coleção 2,LN26JESSAM,1670 €,3,https://melosnoivas.pt/images/galeria/noivas2/LN26JESSAM%281%29%281670.jpg | https://melosnoivas.pt/images/galeria/noivas2/LN26JESSAM%282%29%281670.jpg | https://melosnoivas.pt/images/galeria/noivas2/LN26JESSAM%283%29%281670.jpg,https://melosnoivas.pt/index.php?option=com_content&view=article&id=22
Noivas,Coleção 2,LN26JORJA,1850 €,4,https://melosnoivas.pt/images/galeria/noivas2/LN26JORJA%281%29%281850.jpg | https://melosnoivas.pt/images/galeria/noivas2/LN26JORJA%282%29%281850.jpg | https://melosnoivas.pt/images/galeria/noivas2/LN26JORJA%283%29%281850.jpg | https://melosnoivas.pt/images/galeria/noivas2/LN26JORJA%284%29%281850.jpg,https://melosnoivas.pt/index.php?option=com_content&view=article&id=22
Noivas,Coleção 2,LN26JOVAN,1940 €,4,https://melosnoivas.pt/images/galeria/noivas2/LN26JOVAN%281%29%281940.jpg | https://melosnoivas.pt/images/galeria/noivas2/LN26JOVAN%282%29%281940.jpg | https://melosnoivas.pt/images/galeria/noivas2/LN26JOVAN%283%29%281940.jpg | https://melosnoivas.pt/images/galeria/noivas2/LN26JOVAN%284%29%281940.jpg,https://melosnoivas.pt/index.php?option=com_content&view=article&id=22
Noivas,Coleção 2,LN26JULEE,1520 €,4,https://melosnoivas.pt/images/galeria/noivas2/LN26JULEE%281%29%281520.jpg | https://melosnoivas.pt/images/galeria/noivas2/LN26JULEE%282%29%281520.jpg | https://melosnoivas.pt/images/galeria/noivas2/LN26JULEE%283%29%281520.jpg | https://melosnoivas.pt/images/galeria/noivas2/LN26JULEE%284%29%281520.jpg,https://melosnoivas.pt/index.php?option=com_content&view=article&id=22
Noivas,Coleção 2,LNTARNEY,1790 €,3,https://melosnoivas.pt/images/galeria/noivas2/LNTARNEY%281%29%281790%29.jpg | https://melosnoivas.pt/images/galeria/noivas2/LNTARNEY%282%29%281790%29.jpg | https://melosnoivas.pt/images/galeria/noivas2/LNTARNEY%283%29%281790%29.jpg,https://melosnoivas.pt/index.php?option=com_content&view=article&id=22
Noivas,Coleção 2,LNTERIA,2190 €,3,https://melosnoivas.pt/images/galeria/noivas2/LNTERIA%281%29%282190%29.jpg | https://melosnoivas.pt/images/galeria/noivas2/LNTERIA%282%29%282190%29.jpg | https://melosnoivas.pt/images/galeria/noivas2/LNTERIA%283%29%282190%29.jpg,https://melosnoivas.pt/index.php?option=com_content&view=article&id=22
Noivas,Coleção 2,LNTEYER,1790 €,3,https://melosnoivas.pt/images/galeria/noivas2/LNTEYER%281%29%281790%29.jpg | https://melosnoivas.pt/images/galeria/noivas2/LNTEYER%282%29%281790%29.jpg | https://melosnoivas.pt/images/galeria/noivas2/LNTEYER%283%29%281790%29.jpg,https://melosnoivas.pt/index.php?option=com_content&view=article&id=22
Noivas,Coleção 2,LNTIBERIA,1670 €,3,https://melosnoivas.pt/images/galeria/noivas2/LNTIBERIA%281%29%20%20%281670%29%20S.%20MANGA%281590%29.jpg | https://melosnoivas.pt/images/galeria/noivas2/LNTIBERIA%282%29%20%20%281670%29%20S.%20MANGA%281590%29.jpg | https://melosnoivas.pt/images/galeria/noivas2/LNTIBERIA%283%29%20%20%281670%29%20S.%20MANGA%281590%29.jpg,https://melosnoivas.pt/index.php?option=com_content&view=article&id=22
Noivas,Coleção 2,SEALAN,1850 €,3,https://melosnoivas.pt/images/galeria/noivas2/SEALAN%281%29%20%281850.jpg | https://melosnoivas.pt/images/galeria/noivas2/SEALAN%282%29%20%281850.jpg | https://melosnoivas.pt/images/galeria/noivas2/SEALAN%283%29%20%281850.jpg,https://melosnoivas.pt/index.php?option=com_content&view=article&id=22
Noivas,Coleção 2,SESUN,1810 €,4,https://melosnoivas.pt/images/galeria/noivas2/SESUN%281%29%281810.jpg | https://melosnoivas.pt/images/galeria/noivas2/SESUN%282%29%281810.jpg | https://melosnoivas.pt/images/galeria/noivas2/SESUN%283%29%281810.jpg | https://melosnoivas.pt/images/galeria/noivas2/SESUN%284%29%281810.jpg,https://melosnoivas.pt/index.php?option=com_content&view=article&id=22
Noivas,Coleção 2,SOLAN,1810 €,3,https://melosnoivas.pt/images/galeria/noivas2/SOLAN%281%29%281810.jpg | https://melosnoivas.pt/images/galeria/noivas2/SOLAN%282%29%281810.jpg | https://melosnoivas.pt/images/galeria/noivas2/SOLAN%283%29%281810.jpg,https://melosnoivas.pt/index.php?option=com_content&view=article&id=22
Noivas,Coleção 2,SOLINE- RASO,1470 €,3,https://melosnoivas.pt/images/galeria/noivas2/SOLINE-%20RASO%281%29%281470.jpg | https://melosnoivas.pt/images/galeria/noivas2/SOLINE-%20RASO%282%29%281470.jpg | https://melosnoivas.pt/images/galeria/noivas2/SOLINE-%20RASO%283%29%281470.jpg,https://melosnoivas.pt/index.php?option=com_content&view=article&id=22
Noivas,Coleção 2,VALETE,1520 €,3,https://melosnoivas.pt/images/galeria/noivas2/VALETE%281%29%20%281520.jpg | https://melosnoivas.pt/images/galeria/noivas2/VALETE%282%29%20%281520.jpg | https://melosnoivas.pt/images/galeria/noivas2/VALETE%283%29%20%281520.jpg,https://melosnoivas.pt/index.php?option=com_content&view=article&id=22
Noivas,Coleção 3,(sem referência identificável),,1,https://melosnoivas.pt/images/galeria/noivas3/%281A%29%20%287%29.jpg,https://melosnoivas.pt/index.php?option=com_content&view=article&id=22
Noivas,Coleção 3,(sem referência identificável),,1,https://melosnoivas.pt/images/galeria/noivas3/%281A%29%20%288%29.jpg,https://melosnoivas.pt/index.php?option=com_content&view=article&id=22
Noivas,Coleção 3,(sem referência identificável),,1,https://melosnoivas.pt/images/galeria/noivas3/%281A%291-251-27%20P%20%281%29.jpg,https://melosnoivas.pt/index.php?option=com_content&view=article&id=22
Noivas,Coleção 3,(sem referência identificável),,1,https://melosnoivas.pt/images/galeria/noivas3/%281A%291-251-27%20P%20%2815%29.jpg,https://melosnoivas.pt/index.php?option=com_content&view=article&id=22
Noivas,Coleção 3,(sem referência identificável),,1,https://melosnoivas.pt/images/galeria/noivas3/%281A%291-251-27%20P%20%2816%29.jpg,https://melosnoivas.pt/index.php?option=com_content&view=article&id=22
Noivas,Coleção 3,(sem referência identificável),,1,https://melosnoivas.pt/images/galeria/noivas3/%281A%291-251-27%20P%20%2817%29.jpg,https://melosnoivas.pt/index.php?option=com_content&view=article&id=22
Noivas,Coleção 3,(sem referência identificável),,1,https://melosnoivas.pt/images/galeria/noivas3/%281A%291-251-27%20P%20%282%29.jpg,https://melosnoivas.pt/index.php?option=com_content&view=article&id=22
Noivas,Coleção 3,(sem referência identificável),,1,https://melosnoivas.pt/images/galeria/noivas3/%281A%291-251-27%20P%20%2824%29.jpg,https://melosnoivas.pt/index.php?option=com_content&view=article&id=22
Noivas,Coleção 3,(sem referência identificável),,1,https://melosnoivas.pt/images/galeria/noivas3/%281A%291-251-27%20P%20%2825%29.jpg,https://melosnoivas.pt/index.php?option=com_content&view=article&id=22
Noivas,Coleção 3,(sem referência identificável),,1,https://melosnoivas.pt/images/galeria/noivas3/%281A%291-251-27%20P%20%2826%29.jpg,https://melosnoivas.pt/index.php?option=com_content&view=article&id=22
Noivas,Coleção 3,(sem referência identificável),,1,https://melosnoivas.pt/images/galeria/noivas3/%281A%291-251-27%20P%20%283%29.jpg,https://melosnoivas.pt/index.php?option=com_content&view=article&id=22
Noivas,Coleção 3,(sem referência identificável),,1,https://melosnoivas.pt/images/galeria/noivas3/1%28104%29.jpg,https://melosnoivas.pt/index.php?option=com_content&view=article&id=22
Noivas,Coleção 3,(sem referência identificável),,1,https://melosnoivas.pt/images/galeria/noivas3/1%28105%29.jpg,https://melosnoivas.pt/index.php?option=com_content&view=article&id=22
Noivas,Coleção 3,(sem referência identificável),,1,https://melosnoivas.pt/images/galeria/noivas3/1%28106%29.jpg,https://melosnoivas.pt/index.php?option=com_content&view=article&id=22
Noivas,Coleção 3,(sem referência identificável),,1,https://melosnoivas.pt/images/galeria/noivas3/1%28107%29.jpg,https://melosnoivas.pt/index.php?option=com_content&view=article&id=22
Noivas,Coleção 3,(sem referência identificável),,1,https://melosnoivas.pt/images/galeria/noivas3/1%2818%29.jpg,https://melosnoivas.pt/index.php?option=com_content&view=article&id=22
Noivas,Coleção 3,(sem referência identificável),,1,https://melosnoivas.pt/images/galeria/noivas3/1%2819%29.jpg,https://melosnoivas.pt/index.php?option=com_content&view=article&id=22
Noivas,Coleção 3,(sem referência identificável),,1,https://melosnoivas.pt/images/galeria/noivas3/1%281A%29%20%281%29.jpg,https://melosnoivas.pt/index.php?option=com_content&view=article&id=22
Noivas,Coleção 3,(sem referência identificável),,1,https://melosnoivas.pt/images/galeria/noivas3/1%281A%29%20%282%29.jpg,https://melosnoivas.pt/index.php?option=com_content&view=article&id=22
Noivas,Coleção 3,(sem referência identificável),,1,https://melosnoivas.pt/images/galeria/noivas3/1%281A%29%20%283%29.jpg,https://melosnoivas.pt/index.php?option=com_content&view=article&id=22
Noivas,Coleção 3,(sem referência identificável),,1,https://melosnoivas.pt/images/galeria/noivas3/1%281A%29%20%284%29.jpg,https://melosnoivas.pt/index.php?option=com_content&view=article&id=22
Noivas,Coleção 3,(sem referência identificável),,1,https://melosnoivas.pt/images/galeria/noivas3/1%281A%29%20%285%29.jpg,https://melosnoivas.pt/index.php?option=com_content&view=article&id=22
Noivas,Coleção 3,(sem referência identificável),,1,https://melosnoivas.pt/images/galeria/noivas3/1%281A%29%20%286%29.jpg,https://melosnoivas.pt/index.php?option=com_content&view=article&id=22
Noivas,Coleção 3,(sem referência identificável),,1,https://melosnoivas.pt/images/galeria/noivas3/1%281A%29%20%287%29.jpg,https://melosnoivas.pt/index.php?option=com_content&view=article&id=22
Noivas,Coleção 3,(sem referência identificável),,1,https://melosnoivas.pt/images/galeria/noivas3/1%2828%29.jpg,https://melosnoivas.pt/index.php?option=com_content&view=article&id=22
Noivas,Coleção 3,(sem referência identificável),,1,https://melosnoivas.pt/images/galeria/noivas3/1%2829%29.jpg,https://melosnoivas.pt/index.php?option=com_content&view=article&id=22
Noivas,Coleção 3,(sem referência identificável),,1,https://melosnoivas.pt/images/galeria/noivas3/1%2830%29.jpg,https://melosnoivas.pt/index.php?option=com_content&view=article&id=22
Noivas,Coleção 3,(sem referência identificável),,1,https://melosnoivas.pt/images/galeria/noivas3/1%2831%29.jpg,https://melosnoivas.pt/index.php?option=com_content&view=article&id=22
Noivas,Coleção 3,(sem referência identificável),,1,https://melosnoivas.pt/images/galeria/noivas3/1%2843%29.jpg,https://melosnoivas.pt/index.php?option=com_content&view=article&id=22
Noivas,Coleção 3,(sem referência identificável),,1,https://melosnoivas.pt/images/galeria/noivas3/1%2844%29.jpg,https://melosnoivas.pt/index.php?option=com_content&view=article&id=22
Noivas,Coleção 3,(sem referência identificável),,1,https://melosnoivas.pt/images/galeria/noivas3/1%2845%29.jpg,https://melosnoivas.pt/index.php?option=com_content&view=article&id=22
Noivas,Coleção 3,(sem referência identificável),,1,https://melosnoivas.pt/images/galeria/noivas3/1%2849%29.jpg,https://melosnoivas.pt/index.php?option=com_content&view=article&id=22
Noivas,Coleção 3,(sem referência identificável),,1,https://melosnoivas.pt/images/galeria/noivas3/1%2850%29.jpg,https://melosnoivas.pt/index.php?option=com_content&view=article&id=22
Noivas,Coleção 3,(sem referência identificável),,1,https://melosnoivas.pt/images/galeria/noivas3/1%2851%29.jpg,https://melosnoivas.pt/index.php?option=com_content&view=article&id=22
Noivas,Coleção 3,(sem referência identificável),,1,https://melosnoivas.pt/images/galeria/noivas3/1%2852%29.jpg,https://melosnoivas.pt/index.php?option=com_content&view=article&id=22
Noivas,Coleção 3,(sem referência identificável),,1,https://melosnoivas.pt/images/galeria/noivas3/1%2853%29.jpg,https://melosnoivas.pt/index.php?option=com_content&view=article&id=22
Noivas,Coleção 3,(sem referência identificável),,1,https://melosnoivas.pt/images/galeria/noivas3/1%2854%29.jpg,https://melosnoivas.pt/index.php?option=com_content&view=article&id=22
Noivas,Coleção 3,(sem referência identificável),,1,https://melosnoivas.pt/images/galeria/noivas3/1%2862%29.jpg,https://melosnoivas.pt/index.php?option=com_content&view=article&id=22
Noivas,Coleção 3,(sem referência identificável),,1,https://melosnoivas.pt/images/galeria/noivas3/1%2863%29.jpg,https://melosnoivas.pt/index.php?option=com_content&view=article&id=22
Noivas,Coleção 3,(sem referência identificável),,1,https://melosnoivas.pt/images/galeria/noivas3/1%2864%29.jpg,https://melosnoivas.pt/index.php?option=com_content&view=article&id=22
Noivas,Coleção 3,(sem referência identificável),,1,https://melosnoivas.pt/images/galeria/noivas3/1%2865%29.jpg,https://melosnoivas.pt/index.php?option=com_content&view=article&id=22
Noivas,Coleção 3,(sem referência identificável),,1,https://melosnoivas.pt/images/galeria/noivas3/1%2866%29.jpg,https://melosnoivas.pt/index.php?option=com_content&view=article&id=22
Noivas,Coleção 3,(sem referência identificável),,1,https://melosnoivas.pt/images/galeria/noivas3/1%2867%29.jpg,https://melosnoivas.pt/index.php?option=com_content&view=article&id=22
Noivas,Coleção 3,(sem referência identificável),,1,https://melosnoivas.pt/images/galeria/noivas3/1%2868%29.jpg,https://melosnoivas.pt/index.php?option=com_content&view=article&id=22
Noivas,Coleção 3,(sem referência identificável),,1,https://melosnoivas.pt/images/galeria/noivas3/1%2869%29.jpg,https://melosnoivas.pt/index.php?option=com_content&view=article&id=22
Noivas,Coleção 3,(sem referência identificável),,1,https://melosnoivas.pt/images/galeria/noivas3/1%2870%29.jpg,https://melosnoivas.pt/index.php?option=com_content&view=article&id=22
Noivas,Coleção 3,(sem referência identificável),,1,https://melosnoivas.pt/images/galeria/noivas3/1%2871%29.jpg,https://melosnoivas.pt/index.php?option=com_content&view=article&id=22
Noivas,Coleção 3,(sem referência identificável),,1,https://melosnoivas.pt/images/galeria/noivas3/1%2872%29.jpg,https://melosnoivas.pt/index.php?option=com_content&view=article&id=22
Noivas,Coleção 3,(sem referência identificável),,1,https://melosnoivas.pt/images/galeria/noivas3/1%2873%29.jpg,https://melosnoivas.pt/index.php?option=com_content&view=article&id=22
Noivas,Coleção 3,(sem referência identificável),,1,https://melosnoivas.pt/images/galeria/noivas3/1%2874%29.jpg,https://melosnoivas.pt/index.php?option=com_content&view=article&id=22
Noivas,Coleção 3,(sem referência identificável),,1,https://melosnoivas.pt/images/galeria/noivas3/1%2875%29.jpg,https://melosnoivas.pt/index.php?option=com_content&view=article&id=22
Noivas,Coleção 3,(sem referência identificável),,1,https://melosnoivas.pt/images/galeria/noivas3/1%2879%29.jpg,https://melosnoivas.pt/index.php?option=com_content&view=article&id=22
Noivas,Coleção 3,(sem referência identificável),,1,https://melosnoivas.pt/images/galeria/noivas3/1%2880%29.jpg,https://melosnoivas.pt/index.php?option=com_content&view=article&id=22
Noivas,Coleção 3,(sem referência identificável),,1,https://melosnoivas.pt/images/galeria/noivas3/1%2881%29.jpg,https://melosnoivas.pt/index.php?option=com_content&view=article&id=22
Noivas,Coleção 3,(sem referência identificável),,1,https://melosnoivas.pt/images/galeria/noivas3/1%2887%29.jpg,https://melosnoivas.pt/index.php?option=com_content&view=article&id=22
Noivas,Coleção 3,(sem referência identificável),,1,https://melosnoivas.pt/images/galeria/noivas3/1%2888%29.jpg,https://melosnoivas.pt/index.php?option=com_content&view=article&id=22
Noivas,Coleção 3,(sem referência identificável),,1,https://melosnoivas.pt/images/galeria/noivas3/1%2889%29.jpg,https://melosnoivas.pt/index.php?option=com_content&view=article&id=22
Noivas,Coleção 3,(sem referência identificável),,1,https://melosnoivas.pt/images/galeria/noivas3/1%2890%29.jpg,https://melosnoivas.pt/index.php?option=com_content&view=article&id=22
Noivas,Coleção 3,(sem referência identificável),,1,https://melosnoivas.pt/images/galeria/noivas3/1%2891%29.jpg,https://melosnoivas.pt/index.php?option=com_content&view=article&id=22
Noivas,Coleção 3,(sem referência identificável),,1,https://melosnoivas.pt/images/galeria/noivas3/1%2892%29.jpg,https://melosnoivas.pt/index.php?option=com_content&view=article&id=22
Noivas,Coleção 3,(sem referência identificável),,1,https://melosnoivas.pt/images/galeria/noivas3/1%2893%29.jpg,https://melosnoivas.pt/index.php?option=com_content&view=article&id=22
Noivas,Coleção 3,(sem referência identificável),,1,https://melosnoivas.pt/images/galeria/noivas3/1%2894%29.jpg,https://melosnoivas.pt/index.php?option=com_content&view=article&id=22
Noivas,Coleção 3,(sem referência identificável),,1,https://melosnoivas.pt/images/galeria/noivas3/1%2895%29.jpg,https://melosnoivas.pt/index.php?option=com_content&view=article&id=22
Noivas,Coleção 3,(sem referência identificável),,1,https://melosnoivas.pt/images/galeria/noivas3/1%2896%29.jpg,https://melosnoivas.pt/index.php?option=com_content&view=article&id=22
Noivas,Coleção 3,(sem referência identificável),,1,https://melosnoivas.pt/images/galeria/noivas3/1%2897%29.jpg,https://melosnoivas.pt/index.php?option=com_content&view=article&id=22
Noivas,Coleção 3,(sem referência identificável),,1,https://melosnoivas.pt/images/galeria/noivas3/1%2898%29.jpg,https://melosnoivas.pt/index.php?option=com_content&view=article&id=22
Noivas,Coleção 3,(sem referência identificável),,1,https://melosnoivas.pt/images/galeria/noivas3/1%2899%29.jpg,https://melosnoivas.pt/index.php?option=com_content&view=article&id=22
Noivas,Coleção 3,DR2415,1825 €,4,https://melosnoivas.pt/images/galeria/noivas3/DR2415%281%29%281825.jpg | https://melosnoivas.pt/images/galeria/noivas3/DR2415%282%29%281825.00%29.jpg | https://melosnoivas.pt/images/galeria/noivas3/DR2415%283%29%281825.00%29.jpg | https://melosnoivas.pt/images/galeria/noivas3/DR2415%284%29%281825.00%29.jpg,https://melosnoivas.pt/index.php?option=com_content&view=article&id=22
Noivas,Coleção 3,EK1619,1650 €,4,https://melosnoivas.pt/images/galeria/noivas3/EK1619%281%29%281650.jpg | https://melosnoivas.pt/images/galeria/noivas3/EK1619%282%29%281650.jpg | https://melosnoivas.pt/images/galeria/noivas3/EK1619%285%29%281650.jpg | https://melosnoivas.pt/images/galeria/noivas3/EK1619%286%29%281650.jpg,https://melosnoivas.pt/index.php?option=com_content&view=article&id=22
Noivas,Coleção 3,EK1621,1725 €,2,https://melosnoivas.pt/images/galeria/noivas3/EK1621%281725%20%281%29.jpg | https://melosnoivas.pt/images/galeria/noivas3/EK1621%281725%20%282%29.jpg,https://melosnoivas.pt/index.php?option=com_content&view=article&id=22
Noivas,Coleção 3,EKCT628,2475 €,4,https://melosnoivas.pt/images/galeria/noivas3/EKCT628%281%29%282475.jpg | https://melosnoivas.pt/images/galeria/noivas3/EKCT628%282%29%282475.jpg | https://melosnoivas.pt/images/galeria/noivas3/EKCT628%283%29%282475.jpg | https://melosnoivas.pt/images/galeria/noivas3/EKCT628%284%29%282475.jpg,https://melosnoivas.pt/index.php?option=com_content&view=article&id=22
Noivas,Coleção 3,EKDR2601,1925 €,5,https://melosnoivas.pt/images/galeria/noivas3/EKDR2601%281%29%281925.jpg | https://melosnoivas.pt/images/galeria/noivas3/EKDR2601%282%29%281925.jpg | https://melosnoivas.pt/images/galeria/noivas3/EKDR2601%283%29%281925.jpg | https://melosnoivas.pt/images/galeria/noivas3/EKDR2601%284%29%281925.jpg | https://melosnoivas.pt/images/galeria/noivas3/EKDR2601%285%29%281925.jpg,https://melosnoivas.pt/index.php?option=com_content&view=article&id=22
Noivas,Coleção 3,EKDR2609,2125 €,4,https://melosnoivas.pt/images/galeria/noivas3/EKDR2609%281%29%282125.jpg | https://melosnoivas.pt/images/galeria/noivas3/EKDR2609%282%29%282125.jpg | https://melosnoivas.pt/images/galeria/noivas3/EKDR2609%283%29%282125.jpg | https://melosnoivas.pt/images/galeria/noivas3/EKDR2609%284%29%282125.jpg,https://melosnoivas.pt/index.php?option=com_content&view=article&id=22
Noivas,Coleção 3,EKDR2610,2225 €,5,https://melosnoivas.pt/images/galeria/noivas3/EKDR2610%281%29%282225.jpg | https://melosnoivas.pt/images/galeria/noivas3/EKDR2610%282%29%282225.jpg | https://melosnoivas.pt/images/galeria/noivas3/EKDR2610%283%29%282225.jpg | https://melosnoivas.pt/images/galeria/noivas3/EKDR2610%284%29%282225.jpg | https://melosnoivas.pt/images/galeria/noivas3/EKDR2610%285%29%282225.jpg,https://melosnoivas.pt/index.php?option=com_content&view=article&id=22
Noivos,Coleção 1,078B5091-2A18-2A75-C848-C08910A5565A,,1,https://melosnoivas.pt/images/galeria/noivos1/078b5091-2a18-2a75-c848-c08910a5565a.jpeg,https://melosnoivas.pt/index.php?option=com_content&view=article&id=28
Noivos,Coleção 1,(sem referência identificável),,1,https://melosnoivas.pt/images/galeria/noivos1/1%20%281%29.jpg,https://melosnoivas.pt/index.php?option=com_content&view=article&id=28
Noivos,Coleção 1,(sem referência identificável),,1,https://melosnoivas.pt/images/galeria/noivos1/1%20%2810%29.jpg,https://melosnoivas.pt/index.php?option=com_content&view=article&id=28
Noivos,Coleção 1,(sem referência identificável),,1,https://melosnoivas.pt/images/galeria/noivos1/1%20%2811%29.jpg,https://melosnoivas.pt/index.php?option=com_content&view=article&id=28
Noivos,Coleção 1,(sem referência identificável),,1,https://melosnoivas.pt/images/galeria/noivos1/1%20%2812%29.jpg,https://melosnoivas.pt/index.php?option=com_content&view=article&id=28
Noivos,Coleção 1,(sem referência identificável),,1,https://melosnoivas.pt/images/galeria/noivos1/1%20%2813%29.jpg,https://melosnoivas.pt/index.php?option=com_content&view=article&id=28
Noivos,Coleção 1,(sem referência identificável),,1,https://melosnoivas.pt/images/galeria/noivos1/1%20%2814%29.jpg,https://melosnoivas.pt/index.php?option=com_content&view=article&id=28
Noivos,Coleção 1,(sem referência identificável),,1,https://melosnoivas.pt/images/galeria/noivos1/1%20%2815%29.jpg,https://melosnoivas.pt/index.php?option=com_content&view=article&id=28
Noivos,Coleção 1,(sem referência identificável),,1,https://melosnoivas.pt/images/galeria/noivos1/1%20%2816%29.jpg,https://melosnoivas.pt/index.php?option=com_content&view=article&id=28
Noivos,Coleção 1,(sem referência identificável),,1,https://melosnoivas.pt/images/galeria/noivos1/1%20%2817%29.jpg,https://melosnoivas.pt/index.php?option=com_content&view=article&id=28
Noivos,Coleção 1,(sem referência identificável),,1,https://melosnoivas.pt/images/galeria/noivos1/1%20%2818%29.jpg,https://melosnoivas.pt/index.php?option=com_content&view=article&id=28
Noivos,Coleção 1,(sem referência identificável),,1,https://melosnoivas.pt/images/galeria/noivos1/1%20%2819%29.jpg,https://melosnoivas.pt/index.php?option=com_content&view=article&id=28
Noivos,Coleção 1,(sem referência identificável),,1,https://melosnoivas.pt/images/galeria/noivos1/1%20%282%29.jpg,https://melosnoivas.pt/index.php?option=com_content&view=article&id=28
Noivos,Coleção 1,(sem referência identificável),,1,https://melosnoivas.pt/images/galeria/noivos1/1%20%2820%29.jpg,https://melosnoivas.pt/index.php?option=com_content&view=article&id=28
Noivos,Coleção 1,(sem referência identificável),,1,https://melosnoivas.pt/images/galeria/noivos1/1%20%2821%29.jpg,https://melosnoivas.pt/index.php?option=com_content&view=article&id=28
Noivos,Coleção 1,(sem referência identificável),,1,https://melosnoivas.pt/images/galeria/noivos1/1%20%2822%29.jpg,https://melosnoivas.pt/index.php?option=com_content&view=article&id=28
Noivos,Coleção 1,(sem referência identificável),,1,https://melosnoivas.pt/images/galeria/noivos1/1%20%2823%29.jpg,https://melosnoivas.pt/index.php?option=com_content&view=article&id=28
Noivos,Coleção 1,(sem referência identificável),,1,https://melosnoivas.pt/images/galeria/noivos1/1%20%2824%29.jpg,https://melosnoivas.pt/index.php?option=com_content&view=article&id=28
Noivos,Coleção 1,(sem referência identificável),,1,https://melosnoivas.pt/images/galeria/noivos1/1%20%2825%29.jpg,https://melosnoivas.pt/index.php?option=com_content&view=article&id=28
Noivos,Coleção 1,(sem referência identificável),,1,https://melosnoivas.pt/images/galeria/noivos1/1%20%2826%29.jpg,https://melosnoivas.pt/index.php?option=com_content&view=article&id=28
Noivos,Coleção 1,(sem referência identificável),,1,https://melosnoivas.pt/images/galeria/noivos1/1%20%2827%29.jpg,https://melosnoivas.pt/index.php?option=com_content&view=article&id=28
Noivos,Coleção 1,(sem referência identificável),,1,https://melosnoivas.pt/images/galeria/noivos1/1%20%2828%29.jpg,https://melosnoivas.pt/index.php?option=com_content&view=article&id=28
Noivos,Coleção 1,(sem referência identificável),,1,https://melosnoivas.pt/images/galeria/noivos1/1%20%2829%29.jpg,https://melosnoivas.pt/index.php?option=com_content&view=article&id=28
Noivos,Coleção 1,(sem referência identificável),,1,https://melosnoivas.pt/images/galeria/noivos1/1%20%283%29.jpg,https://melosnoivas.pt/index.php?option=com_content&view=article&id=28
Noivos,Coleção 1,(sem referência identificável),,1,https://melosnoivas.pt/images/galeria/noivos1/1%20%2830%29.jpg,https://melosnoivas.pt/index.php?option=com_content&view=article&id=28
Noivos,Coleção 1,(sem referência identificável),,1,https://melosnoivas.pt/images/galeria/noivos1/1%20%2831%29.jpg,https://melosnoivas.pt/index.php?option=com_content&view=article&id=28
Noivos,Coleção 1,(sem referência identificável),,1,https://melosnoivas.pt/images/galeria/noivos1/1%20%2832%29.jpg,https://melosnoivas.pt/index.php?option=com_content&view=article&id=28
Noivos,Coleção 1,(sem referência identificável),,1,https://melosnoivas.pt/images/galeria/noivos1/1%20%2833%29.jpg,https://melosnoivas.pt/index.php?option=com_content&view=article&id=28
Noivos,Coleção 1,(sem referência identificável),,1,https://melosnoivas.pt/images/galeria/noivos1/1%20%2834%29.jpg,https://melosnoivas.pt/index.php?option=com_content&view=article&id=28
Noivos,Coleção 1,(sem referência identificável),,1,https://melosnoivas.pt/images/galeria/noivos1/1%20%2835%29.jpg,https://melosnoivas.pt/index.php?option=com_content&view=article&id=28
Noivos,Coleção 1,(sem referência identificável),,1,https://melosnoivas.pt/images/galeria/noivos1/1%20%2836%29.jpg,https://melosnoivas.pt/index.php?option=com_content&view=article&id=28
Noivos,Coleção 1,(sem referência identificável),,1,https://melosnoivas.pt/images/galeria/noivos1/1%20%2837%29.jpg,https://melosnoivas.pt/index.php?option=com_content&view=article&id=28
Noivos,Coleção 1,(sem referência identificável),,1,https://melosnoivas.pt/images/galeria/noivos1/1%20%2838%29.jpg,https://melosnoivas.pt/index.php?option=com_content&view=article&id=28
Noivos,Coleção 1,(sem referência identificável),,1,https://melosnoivas.pt/images/galeria/noivos1/1%20%2839%29.jpg,https://melosnoivas.pt/index.php?option=com_content&view=article&id=28
Noivos,Coleção 1,(sem referência identificável),,1,https://melosnoivas.pt/images/galeria/noivos1/1%20%284%29.jpg,https://melosnoivas.pt/index.php?option=com_content&view=article&id=28
Noivos,Coleção 1,(sem referência identificável),,1,https://melosnoivas.pt/images/galeria/noivos1/1%20%2840%29.jpg,https://melosnoivas.pt/index.php?option=com_content&view=article&id=28
Noivos,Coleção 1,(sem referência identificável),,1,https://melosnoivas.pt/images/galeria/noivos1/1%20%2841%29.jpg,https://melosnoivas.pt/index.php?option=com_content&view=article&id=28
Noivos,Coleção 1,(sem referência identificável),,1,https://melosnoivas.pt/images/galeria/noivos1/1%20%2842%29.jpg,https://melosnoivas.pt/index.php?option=com_content&view=article&id=28
Noivos,Coleção 1,(sem referência identificável),,1,https://melosnoivas.pt/images/galeria/noivos1/1%20%2843%29.jpg,https://melosnoivas.pt/index.php?option=com_content&view=article&id=28
Noivos,Coleção 1,(sem referência identificável),,1,https://melosnoivas.pt/images/galeria/noivos1/1%20%2848%29.jpg,https://melosnoivas.pt/index.php?option=com_content&view=article&id=28
Noivos,Coleção 1,(sem referência identificável),,1,https://melosnoivas.pt/images/galeria/noivos1/1%20%2849%29.jpg,https://melosnoivas.pt/index.php?option=com_content&view=article&id=28
Noivos,Coleção 1,(sem referência identificável),,1,https://melosnoivas.pt/images/galeria/noivos1/1%20%285%29.jpg,https://melosnoivas.pt/index.php?option=com_content&view=article&id=28
Noivos,Coleção 1,(sem referência identificável),,1,https://melosnoivas.pt/images/galeria/noivos1/1%20%2850%29.jpg,https://melosnoivas.pt/index.php?option=com_content&view=article&id=28
Noivos,Coleção 1,(sem referência identificável),,1,https://melosnoivas.pt/images/galeria/noivos1/1%20%286%29.jpg,https://melosnoivas.pt/index.php?option=com_content&view=article&id=28
Noivos,Coleção 1,(sem referência identificável),,1,https://melosnoivas.pt/images/galeria/noivos1/1%20%287%29.jpg,https://melosnoivas.pt/index.php?option=com_content&view=article&id=28
Noivos,Coleção 1,(sem referência identificável),,1,https://melosnoivas.pt/images/galeria/noivos1/1%20%288%29.jpg,https://melosnoivas.pt/index.php?option=com_content&view=article&id=28
Noivos,Coleção 1,(sem referência identificável),,1,https://melosnoivas.pt/images/galeria/noivos1/1%20%289%29.jpg,https://melosnoivas.pt/index.php?option=com_content&view=article&id=28
Noivos,Coleção 1,(sem referência identificável),,1,https://melosnoivas.pt/images/galeria/noivos1/1%28A%29%20%281%29.jpg,https://melosnoivas.pt/index.php?option=com_content&view=article&id=28
Noivos,Coleção 1,(sem referência identificável),,1,https://melosnoivas.pt/images/galeria/noivos1/1%28A%29%20%282%29.jpg,https://melosnoivas.pt/index.php?option=com_content&view=article&id=28
Noivos,Coleção 1,(sem referência identificável),,1,https://melosnoivas.pt/images/galeria/noivos1/1%28A%29%20%283%29.jpg,https://melosnoivas.pt/index.php?option=com_content&view=article&id=28
Noivos,Coleção 1,(sem referência identificável),,1,https://melosnoivas.pt/images/galeria/noivos1/1%28A%29%20%284%29.jpg,https://melosnoivas.pt/index.php?option=com_content&view=article&id=28
Noivos,Coleção 1,(sem referência identificável),,1,https://melosnoivas.pt/images/galeria/noivos1/1%28A%29%20%285%29.jpg,https://melosnoivas.pt/index.php?option=com_content&view=article&id=28
Noivos,Coleção 1,126-LOOK-LARGE,,1,https://melosnoivas.pt/images/galeria/noivos1/126-look-large.jpg,https://melosnoivas.pt/index.php?option=com_content&view=article&id=28
Noivos,Coleção 1,129-LOOK-LARGE,,1,https://melosnoivas.pt/images/galeria/noivos1/129-look-large.jpg,https://melosnoivas.pt/index.php?option=com_content&view=article&id=28
Noivos,Coleção 1,133-LOOK-LARGE,,1,https://melosnoivas.pt/images/galeria/noivos1/133-look-large.jpg,https://melosnoivas.pt/index.php?option=com_content&view=article&id=28
Noivos,Coleção 1,136-LOOK-LARGE,,1,https://melosnoivas.pt/images/galeria/noivos1/136-look-large.jpg,https://melosnoivas.pt/index.php?option=com_content&view=article&id=28
Noivos,Coleção 1,147-LOOK-LARGE,,1,https://melosnoivas.pt/images/galeria/noivos1/147-look-large.jpg,https://melosnoivas.pt/index.php?option=com_content&view=article&id=28
Noivos,Coleção 1,1AJA101.260,,21,https://melosnoivas.pt/images/galeria/noivos1/1AJA101.260%20%281%29.jpg | https://melosnoivas.pt/images/galeria/noivos1/1AJA101.260%20%2810%29.jpg | https://melosnoivas.pt/images/galeria/noivos1/1AJA101.260%20%2811%29.jpg | https://melosnoivas.pt/images/galeria/noivos1/1AJA101.260%20%2812%29.jpg | https://melosnoivas.pt/images/galeria/noivos1/1AJA101.260%20%2813%29.jpg | https://melosnoivas.pt/images/galeria/noivos1/1AJA101.260%20%2814%29.jpg | https://melosnoivas.pt/images/galeria/noivos1/1AJA1...,https://melosnoivas.pt/index.php?option=com_content&view=article&id=28
Noivos,Coleção 1,(sem referência identificável),3539 €,1,https://melosnoivas.pt/images/galeria/noivos1/3539.jpg,https://melosnoivas.pt/index.php?option=com_content&view=article&id=28
Noivos,Coleção 1,(sem referência identificável),3543 €,1,https://melosnoivas.pt/images/galeria/noivos1/3543.jpg,https://melosnoivas.pt/index.php?option=com_content&view=article&id=28
Noivos,Coleção 1,(sem referência identificável),3597 €,1,https://melosnoivas.pt/images/galeria/noivos1/3597.jpg,https://melosnoivas.pt/index.php?option=com_content&view=article&id=28
Noivos,Coleção 1,(sem referência identificável),3652 €,1,https://melosnoivas.pt/images/galeria/noivos1/3652.jpg,https://melosnoivas.pt/index.php?option=com_content&view=article&id=28
Noivos,Coleção 1,3712-PRODUCT-LARGE,,1,https://melosnoivas.pt/images/galeria/noivos1/3712-product-large.jpg,https://melosnoivas.pt/index.php?option=com_content&view=article&id=28
Noivos,Coleção 1,3721-PRODUCT-LARGE,,1,https://melosnoivas.pt/images/galeria/noivos1/3721-product-large.jpg,https://melosnoivas.pt/index.php?option=com_content&view=article&id=28
Noivos,Coleção 1,4106-PRODUCT-LARGE,,1,https://melosnoivas.pt/images/galeria/noivos1/4106-product-large.jpg,https://melosnoivas.pt/index.php?option=com_content&view=article&id=28
Noivos,Coleção 1,(sem referência identificável),,1,https://melosnoivas.pt/images/galeria/noivos1/50%20%281%29.jpg,https://melosnoivas.pt/index.php?option=com_content&view=article&id=28
Noivos,Coleção 1,(sem referência identificável),,1,https://melosnoivas.pt/images/galeria/noivos1/50%20%2810%29.jpg,https://melosnoivas.pt/index.php?option=com_content&view=article&id=28
Noivos,Coleção 1,(sem referência identificável),,1,https://melosnoivas.pt/images/galeria/noivos1/50%20%2811%29.jpg,https://melosnoivas.pt/index.php?option=com_content&view=article&id=28
Noivos,Coleção 1,(sem referência identificável),,1,https://melosnoivas.pt/images/galeria/noivos1/50%20%2812%29.jpg,https://melosnoivas.pt/index.php?option=com_content&view=article&id=28
Noivos,Coleção 1,(sem referência identificável),,1,https://melosnoivas.pt/images/galeria/noivos1/50%20%2813%29.jpg,https://melosnoivas.pt/index.php?option=com_content&view=article&id=28
Noivos,Coleção 1,(sem referência identificável),,1,https://melosnoivas.pt/images/galeria/noivos1/50%20%2814%29.jpg,https://melosnoivas.pt/index.php?option=com_content&view=article&id=28
Noivos,Coleção 1,(sem referência identificável),,1,https://melosnoivas.pt/images/galeria/noivos1/50%20%2815%29.jpg,https://melosnoivas.pt/index.php?option=com_content&view=article&id=28
Noivos,Coleção 1,(sem referência identificável),,1,https://melosnoivas.pt/images/galeria/noivos1/50%20%2816%29.jpg,https://melosnoivas.pt/index.php?option=com_content&view=article&id=28
Noivos,Coleção 1,(sem referência identificável),,1,https://melosnoivas.pt/images/galeria/noivos1/50%20%282%29.jpg,https://melosnoivas.pt/index.php?option=com_content&view=article&id=28
Noivos,Coleção 1,(sem referência identificável),,1,https://melosnoivas.pt/images/galeria/noivos1/50%20%283%29.jpg,https://melosnoivas.pt/index.php?option=com_content&view=article&id=28
Noivos,Coleção 1,(sem referência identificável),,1,https://melosnoivas.pt/images/galeria/noivos1/50%20%284%29.jpg,https://melosnoivas.pt/index.php?option=com_content&view=article&id=28
Noivos,Coleção 1,(sem referência identificável),,1,https://melosnoivas.pt/images/galeria/noivos1/50%20%285%29.jpg,https://melosnoivas.pt/index.php?option=com_content&view=article&id=28
Noivos,Coleção 1,(sem referência identificável),,1,https://melosnoivas.pt/images/galeria/noivos1/50%20%286%29.jpg,https://melosnoivas.pt/index.php?option=com_content&view=article&id=28
Noivos,Coleção 1,(sem referência identificável),,1,https://melosnoivas.pt/images/galeria/noivos1/50%20%287%29.jpg,https://melosnoivas.pt/index.php?option=com_content&view=article&id=28
Noivos,Coleção 1,(sem referência identificável),,1,https://melosnoivas.pt/images/galeria/noivos1/50%20%288%29.jpg,https://melosnoivas.pt/index.php?option=com_content&view=article&id=28
Noivos,Coleção 1,(sem referência identificável),,1,https://melosnoivas.pt/images/galeria/noivos1/50%20%289%29.jpg,https://melosnoivas.pt/index.php?option=com_content&view=article&id=28
Noivos,Coleção 1,(sem referência identificável),,1,https://melosnoivas.pt/images/galeria/noivos1/50%2817%29.jpg,https://melosnoivas.pt/index.php?option=com_content&view=article&id=28
Noivos,Coleção 1,(sem referência identificável),,1,https://melosnoivas.pt/images/galeria/noivos1/50%2825%29.jpg,https://melosnoivas.pt/index.php?option=com_content&view=article&id=28
Noivos,Coleção 1,(sem referência identificável),,1,https://melosnoivas.pt/images/galeria/noivos1/50%2826%29.jpg,https://melosnoivas.pt/index.php?option=com_content&view=article&id=28
Noivos,Coleção 1,(sem referência identificável),,1,https://melosnoivas.pt/images/galeria/noivos1/50%2827%29.jpg,https://melosnoivas.pt/index.php?option=com_content&view=article&id=28
Noivos,Coleção 1,(sem referência identificável),,1,https://melosnoivas.pt/images/galeria/noivos1/50%2828%29.jpg,https://melosnoivas.pt/index.php?option=com_content&view=article&id=28
Noivos,Coleção 1,(sem referência identificável),,1,https://melosnoivas.pt/images/galeria/noivos1/50%2829%29.jpg,https://melosnoivas.pt/index.php?option=com_content&view=article&id=28
Noivos,Coleção 1,(sem referência identificável),,1,https://melosnoivas.pt/images/galeria/noivos1/50%2830%29.jpg,https://melosnoivas.pt/index.php?option=com_content&view=article&id=28
Noivos,Coleção 1,(sem referência identificável),,1,https://melosnoivas.pt/images/galeria/noivos1/50%2831%29.jpg,https://melosnoivas.pt/index.php?option=com_content&view=article&id=28
Noivos,Coleção 1,(sem referência identificável),,1,https://melosnoivas.pt/images/galeria/noivos1/50%2838%29.jpg,https://melosnoivas.pt/index.php?option=com_content&view=article&id=28
Noivos,Coleção 1,(sem referência identificável),,1,https://melosnoivas.pt/images/galeria/noivos1/50%2839%29.jpg,https://melosnoivas.pt/index.php?option=com_content&view=article&id=28
Noivos,Coleção 1,(sem referência identificável),,1,https://melosnoivas.pt/images/galeria/noivos1/50%2840%29.jpg,https://melosnoivas.pt/index.php?option=com_content&view=article&id=28
Noivos,Coleção 1,(sem referência identificável),,1,https://melosnoivas.pt/images/galeria/noivos1/50%2841%29.jpg,https://melosnoivas.pt/index.php?option=com_content&view=article&id=28
Noivos,Coleção 1,AB__0112_1028D510_JAKARTA_TURQUOISE___T_INTERNET,,1,https://melosnoivas.pt/images/galeria/noivos1/AB__0112_1028D510_JAKARTA_TURQUOISE___t_INTERNET.jpg,https://melosnoivas.pt/index.php?option=com_content&view=article&id=28
Noivos,Coleção 1,AB__0549_1049D290_NEPAL_BORDEAUX___T_INTERNET,,1,https://melosnoivas.pt/images/galeria/noivos1/AB__0549_1049D290_NEPAL_BORDEAUX___t_INTERNET.jpg,https://melosnoivas.pt/index.php?option=com_content&view=article&id=28
Noivos,Coleção 1,AB__0581_1049D290_NEPAL_GREEN___T_INTERNET,,1,https://melosnoivas.pt/images/galeria/noivos1/AB__0581_1049D290_NEPAL_GREEN___t_INTERNET.jpg,https://melosnoivas.pt/index.php?option=com_content&view=article&id=28
Noivos,Coleção 1,AB__0606_1049D290_NEPAL_BLUE___T_INTERNET,,1,https://melosnoivas.pt/images/galeria/noivos1/AB__0606_1049D290_NEPAL_BLUE___t_INTERNET.jpg,https://melosnoivas.pt/index.php?option=com_content&view=article&id=28
Noivos,Coleção 1,AB__0990_1057D230_MELES_IVORY___T_INTERNET,,1,https://melosnoivas.pt/images/galeria/noivos1/AB__0990_1057D230_MELES_IVORY___t_INTERNET.jpg,https://melosnoivas.pt/index.php?option=com_content&view=article&id=28
Noivos,Coleção 1,AB__1122_1057D230_MELES_BROWN_PARLIAMENT___T_INTERNET,,1,https://melosnoivas.pt/images/galeria/noivos1/AB__1122_1057D230_MELES_BROWN_PARLIAMENT___t_INTERNET.jpg,https://melosnoivas.pt/index.php?option=com_content&view=article&id=28
Noivos,Coleção 1,AB__1193_1038D270_NEPAL_LBLUE___T_INTERNET,,1,https://melosnoivas.pt/images/galeria/noivos1/AB__1193_1038D270_NEPAL_LBLUE___t_INTERNET.jpg,https://melosnoivas.pt/index.php?option=com_content&view=article&id=28
Noivos,Coleção 1,AB__1203_1038D270_NEPAL_LGREEN___T_INTERNET,,1,https://melosnoivas.pt/images/galeria/noivos1/AB__1203_1038D270_NEPAL_LGREEN___t_INTERNET.jpg,https://melosnoivas.pt/index.php?option=com_content&view=article&id=28
Noivos,Coleção 1,AB__1222_1038D270_NEPAL_BLUE___T_INTERNET,,1,https://melosnoivas.pt/images/galeria/noivos1/AB__1222_1038D270_NEPAL_BLUE___t_INTERNET.jpg,https://melosnoivas.pt/index.php?option=com_content&view=article&id=28
Noivos,Coleção 1,AB__2109_958V520_NANTES_BEIGE___T_INTERNET,,1,https://melosnoivas.pt/images/galeria/noivos1/AB__2109_958V520_NANTES_BEIGE___t_INTERNET.jpg,https://melosnoivas.pt/index.php?option=com_content&view=article&id=28
Noivos,Coleção 1,AB__2117_958V520_NANTES_LBLUE___T_INTERNET,,1,https://melosnoivas.pt/images/galeria/noivos1/AB__2117_958V520_NANTES_LBLUE___t_INTERNET.jpg,https://melosnoivas.pt/index.php?option=com_content&view=article&id=28
Noivos,Coleção 1,AB__2243_958V520_NANTES_LGREEN___T_INTERNET,,1,https://melosnoivas.pt/images/galeria/noivos1/AB__2243_958V520_NANTES_LGREEN___t_INTERNET.jpg,https://melosnoivas.pt/index.php?option=com_content&view=article&id=28
Noivos,Coleção 1,AB__3233_1024D670_NANDO_BLUE___T_INTERNET,,1,https://melosnoivas.pt/images/galeria/noivos1/AB__3233_1024D670_NANDO_BLUE___t_INTERNET.jpg,https://melosnoivas.pt/index.php?option=com_content&view=article&id=28
Noivos,Coleção 1,AB__3578_1002D220_DUBLIN_NAVY_BORDEAUX___T_INTERNET,,1,https://melosnoivas.pt/images/galeria/noivos1/AB__3578_1002D220_DUBLIN_NAVY_BORDEAUX___t_INTERNET.jpg,https://melosnoivas.pt/index.php?option=com_content&view=article&id=28
Noivos,Coleção 1,AB__3696_1031D340_ZEUS_VIOLET___T_INTERNET,,1,https://melosnoivas.pt/images/galeria/noivos1/AB__3696_1031D340_ZEUS_VIOLET___t_INTERNET.jpg,https://melosnoivas.pt/index.php?option=com_content&view=article&id=28
Noivos,Coleção 1,COR123.250,,4,https://melosnoivas.pt/images/galeria/noivos1/COR123.250%20%282%29.jpg | https://melosnoivas.pt/images/galeria/noivos1/COR123.250%20%283%29.jpg | https://melosnoivas.pt/images/galeria/noivos1/COR123.250%20%284%29.jpg | https://melosnoivas.pt/images/galeria/noivos1/COR123.250%20%285%29.jpg,https://melosnoivas.pt/index.php?option=com_content&view=article&id=28
Noivos,Coleção 1,COR127.250,,5,https://melosnoivas.pt/images/galeria/noivos1/COR127.250%20%281%29.jpg | https://melosnoivas.pt/images/galeria/noivos1/COR127.250%20%282%29.jpg | https://melosnoivas.pt/images/galeria/noivos1/COR127.250%20%283%29.jpg | https://melosnoivas.pt/images/galeria/noivos1/COR127.250%20%284%29.jpg | https://melosnoivas.pt/images/galeria/noivos1/COR127.250%20%285%29.jpg,https://melosnoivas.pt/index.php?option=com_content&view=article&id=28
Noivos,Coleção 1,FEEL_42_22_910_V2,,1,https://melosnoivas.pt/images/galeria/noivos1/FEEL_42_22_910_v2.jpeg,https://melosnoivas.pt/index.php?option=com_content&view=article&id=28
Noivos,Coleção 1,SS25 POST 31,,1,https://melosnoivas.pt/images/galeria/noivos1/SS25%20POST%2031.png,https://melosnoivas.pt/index.php?option=com_content&view=article&id=28
Noivos,Coleção 1,SS25 POST 32,,1,https://melosnoivas.pt/images/galeria/noivos1/SS25%20POST%2032.png,https://melosnoivas.pt/index.php?option=com_content&view=article&id=28
Noivos,Coleção 1,SS25 POST 33,,1,https://melosnoivas.pt/images/galeria/noivos1/SS25%20POST%2033.png,https://melosnoivas.pt/index.php?option=com_content&view=article&id=28
Noivos,Coleção 1,SS25 POST 34,,1,https://melosnoivas.pt/images/galeria/noivos1/SS25%20POST%2034.png,https://melosnoivas.pt/index.php?option=com_content&view=article&id=28
Noivos,Coleção 1,SS25 POST 36,,1,https://melosnoivas.pt/images/galeria/noivos1/SS25%20POST%2036.png,https://melosnoivas.pt/index.php?option=com_content&view=article&id=28
Noivos,Coleção 1,SS25 POST 37,,2,https://melosnoivas.pt/images/galeria/noivos1/SS25%20POST%2037%20%282%29.png | https://melosnoivas.pt/images/galeria/noivos1/SS25%20POST%2037.png,https://melosnoivas.pt/index.php?option=com_content&view=article&id=28
Noivos,Coleção 1,SS25 POST 39,,1,https://melosnoivas.pt/images/galeria/noivos1/SS25%20POST%2039.png,https://melosnoivas.pt/index.php?option=com_content&view=article&id=28
Noivos,Coleção 1,SS25 POST 40,,1,https://melosnoivas.pt/images/galeria/noivos1/SS25%20POST%2040.png,https://melosnoivas.pt/index.php?option=com_content&view=article&id=28
Noivos,Coleção 1,SS25 POST INSTA,,3,https://melosnoivas.pt/images/galeria/noivos1/SS25%20POST%20INSTA%20%282%29.png | https://melosnoivas.pt/images/galeria/noivos1/SS25%20POST%20INSTA%20%283%29.png | https://melosnoivas.pt/images/galeria/noivos1/SS25%20POST%20INSTA.png,https://melosnoivas.pt/index.php?option=com_content&view=article&id=28
Noivos,Coleção 1,SS25 POST INSTA-1,,1,https://melosnoivas.pt/images/galeria/noivos1/SS25%20POST%20INSTA-1.png,https://melosnoivas.pt/index.php?option=com_content&view=article&id=28
Noivos,Coleção 1,SS25 POST INSTA-2,,1,https://melosnoivas.pt/images/galeria/noivos1/SS25%20POST%20INSTA-2.png,https://melosnoivas.pt/index.php?option=com_content&view=article&id=28
Noivos,Coleção 1,SS25 POST INSTA-3,,1,https://melosnoivas.pt/images/galeria/noivos1/SS25%20POST%20INSTA-3.png,https://melosnoivas.pt/index.php?option=com_content&view=article&id=28
Noivos,Coleção 1,SS25 POST INSTA-4,,1,https://melosnoivas.pt/images/galeria/noivos1/SS25%20POST%20INSTA-4.png,https://melosnoivas.pt/index.php?option=com_content&view=article&id=28
Noivos,Coleção 1,SS25 POST INSTA-5,,1,https://melosnoivas.pt/images/galeria/noivos1/SS25%20POST%20INSTA-5.png,https://melosnoivas.pt/index.php?option=com_content&view=article&id=28
Noivos,Coleção 1,SS25 POST INSTA-6,,1,https://melosnoivas.pt/images/galeria/noivos1/SS25%20POST%20INSTA-6.png,https://melosnoivas.pt/index.php?option=com_content&view=article&id=28
Cerimónia,Galeria,1-EXPERTO-1,,1,https://melosnoivas.pt/images/galeria/cerimonia/1-EXPERTO-1.jpg,https://melosnoivas.pt/index.php?option=com_content&view=article&id=25
Cerimónia,Galeria,1-EXPERTO-2,,1,https://melosnoivas.pt/images/galeria/cerimonia/1-EXPERTO-2.jpg,https://melosnoivas.pt/index.php?option=com_content&view=article&id=25
Cerimónia,Galeria,1257-310102_BIG,,1,https://melosnoivas.pt/images/galeria/cerimonia/1257-310102_big.jpg,https://melosnoivas.pt/index.php?option=com_content&view=article&id=25
Cerimónia,Galeria,(sem referência identificável),1324 €,1,https://melosnoivas.pt/images/galeria/cerimonia/1324%281%29.jpg,https://melosnoivas.pt/index.php?option=com_content&view=article&id=25
Cerimónia,Galeria,(sem referência identificável),1324 €,1,https://melosnoivas.pt/images/galeria/cerimonia/1324%281%29_cr.jpg,https://melosnoivas.pt/index.php?option=com_content&view=article&id=25
Cerimónia,Galeria,(sem referência identificável),1324 €,1,https://melosnoivas.pt/images/galeria/cerimonia/1324%282%29.jpg,https://melosnoivas.pt/index.php?option=com_content&view=article&id=25
Cerimónia,Galeria,(sem referência identificável),1324 €,1,https://melosnoivas.pt/images/galeria/cerimonia/1324%282%29_cr.jpg,https://melosnoivas.pt/index.php?option=com_content&view=article&id=25
Cerimónia,Galeria,1367-311127-1_FULL,,1,https://melosnoivas.pt/images/galeria/cerimonia/1367-311127-1_full.jpg,https://melosnoivas.pt/index.php?option=com_content&view=article&id=25
Cerimónia,Galeria,1367-311127_BIG,,1,https://melosnoivas.pt/images/galeria/cerimonia/1367-311127_big.jpg,https://melosnoivas.pt/index.php?option=com_content&view=article&id=25
Cerimónia,Galeria,1443G_FRONT,,1,https://melosnoivas.pt/images/galeria/cerimonia/1443G_Front.jpg,https://melosnoivas.pt/index.php?option=com_content&view=article&id=25
Cerimónia,Galeria,1A,3124 €,23,https://melosnoivas.pt/images/galeria/cerimonia/1a%281%2931249.webp | https://melosnoivas.pt/images/galeria/cerimonia/1a%2810%2925075.jpg | https://melosnoivas.pt/images/galeria/cerimonia/1a%2811%2925075.jpg | https://melosnoivas.pt/images/galeria/cerimonia/1a%2812%29IGUAZU-1.jpg | https://melosnoivas.pt/images/galeria/cerimonia/1a%2813%29IGUAZU-1.jpg | https://melosnoivas.pt/images/galeria/cerimonia/1a%2814%29IGUAZU-1.jpg | https://melosnoivas.pt/images/galeria/cerimonia/1a%2815%29IGUAZU-1.jpg ...,https://melosnoivas.pt/index.php?option=com_content&view=article&id=25
Cerimónia,Galeria,(sem referência identificável),2401 €,1,https://melosnoivas.pt/images/galeria/cerimonia/24012.jpg,https://melosnoivas.pt/index.php?option=com_content&view=article&id=25
Cerimónia,Galeria,(sem referência identificável),2404 €,1,https://melosnoivas.pt/images/galeria/cerimonia/24048.jpg,https://melosnoivas.pt/index.php?option=com_content&view=article&id=25
Cerimónia,Galeria,(sem referência identificável),2407 €,1,https://melosnoivas.pt/images/galeria/cerimonia/24074.jpg,https://melosnoivas.pt/index.php?option=com_content&view=article&id=25
Cerimónia,Galeria,(sem referência identificável),2408 €,1,https://melosnoivas.pt/images/galeria/cerimonia/24083.jpg,https://melosnoivas.pt/index.php?option=com_content&view=article&id=25
Cerimónia,Galeria,(sem referência identificável),2408 €,1,https://melosnoivas.pt/images/galeria/cerimonia/24087.jpg,https://melosnoivas.pt/index.php?option=com_content&view=article&id=25
Cerimónia,Galeria,(sem referência identificável),2628 €,1,https://melosnoivas.pt/images/galeria/cerimonia/2628%20%281%29.jpg,https://melosnoivas.pt/index.php?option=com_content&view=article&id=25
Cerimónia,Galeria,(sem referência identificável),2628 €,1,https://melosnoivas.pt/images/galeria/cerimonia/2628%20%282%29.jpg,https://melosnoivas.pt/index.php?option=com_content&view=article&id=25
Cerimónia,Galeria,(sem referência identificável),2628 €,1,https://melosnoivas.pt/images/galeria/cerimonia/2628%20%283%29.jpg,https://melosnoivas.pt/index.php?option=com_content&view=article&id=25
Cerimónia,Galeria,(sem referência identificável),2631 €,1,https://melosnoivas.pt/images/galeria/cerimonia/2631%20%281%29.jpg,https://melosnoivas.pt/index.php?option=com_content&view=article&id=25
Cerimónia,Galeria,(sem referência identificável),2631 €,1,https://melosnoivas.pt/images/galeria/cerimonia/2631%20%282%29.jpg,https://melosnoivas.pt/index.php?option=com_content&view=article&id=25
Cerimónia,Galeria,(sem referência identificável),2631 €,1,https://melosnoivas.pt/images/galeria/cerimonia/2631%20%283%29.jpg,https://melosnoivas.pt/index.php?option=com_content&view=article&id=25
Cerimónia,Galeria,(sem referência identificável),2631 €,1,https://melosnoivas.pt/images/galeria/cerimonia/2631%20%284%29.jpg,https://melosnoivas.pt/index.php?option=com_content&view=article&id=25
Cerimónia,Galeria,(sem referência identificável),2634 €,1,https://melosnoivas.pt/images/galeria/cerimonia/2634%20%281%29.jpg,https://melosnoivas.pt/index.php?option=com_content&view=article&id=25
Cerimónia,Galeria,(sem referência identificável),2634 €,1,https://melosnoivas.pt/images/galeria/cerimonia/2634%20%282%29.jpg,https://melosnoivas.pt/index.php?option=com_content&view=article&id=25
Cerimónia,Galeria,(sem referência identificável),2634 €,1,https://melosnoivas.pt/images/galeria/cerimonia/2634%20%283%29.jpg,https://melosnoivas.pt/index.php?option=com_content&view=article&id=25
Cerimónia,Galeria,(sem referência identificável),2634 €,1,https://melosnoivas.pt/images/galeria/cerimonia/2634%20%284%29.jpg,https://melosnoivas.pt/index.php?option=com_content&view=article&id=25
Cerimónia,Galeria,29733-TEAL,,1,https://melosnoivas.pt/images/galeria/cerimonia/29733-Teal.jpg,https://melosnoivas.pt/index.php?option=com_content&view=article&id=25
Cerimónia,Galeria,(sem referência identificável),2974 €,1,https://melosnoivas.pt/images/galeria/cerimonia/29745-0185.jpg,https://melosnoivas.pt/index.php?option=com_content&view=article&id=25
Cerimónia,Galeria,(sem referência identificável),2974 €,1,https://melosnoivas.pt/images/galeria/cerimonia/29745-0221.jpg,https://melosnoivas.pt/index.php?option=com_content&view=article&id=25
Cerimónia,Galeria,(sem referência identificável),2975 €,1,https://melosnoivas.pt/images/galeria/cerimonia/29752-6126.jpg,https://melosnoivas.pt/index.php?option=com_content&view=article&id=25
Cerimónia,Galeria,(sem referência identificável),2975 €,1,https://melosnoivas.pt/images/galeria/cerimonia/29752-6192.jpg,https://melosnoivas.pt/index.php?option=com_content&view=article&id=25
Cerimónia,Galeria,29801_SHAMROCK_011_492X768,,1,https://melosnoivas.pt/images/galeria/cerimonia/29801_SHAMROCK_011_492x768.jpg,https://melosnoivas.pt/index.php?option=com_content&view=article&id=25
Cerimónia,Galeria,29801_SHAMROCK_023_512X768,,1,https://melosnoivas.pt/images/galeria/cerimonia/29801_SHAMROCK_023_512x768.jpg,https://melosnoivas.pt/index.php?option=com_content&view=article&id=25
Cerimónia,Galeria,29805_A_SALMON_001_494X768,,1,https://melosnoivas.pt/images/galeria/cerimonia/29805_A_SALMON_001_494x768.jpg,https://melosnoivas.pt/index.php?option=com_content&view=article&id=25
Cerimónia,Galeria,29805_A_SALMON_005_512X768,,1,https://melosnoivas.pt/images/galeria/cerimonia/29805_A_SALMON_005_512x768.jpg,https://melosnoivas.pt/index.php?option=com_content&view=article&id=25
Cerimónia,Galeria,314159-SCALED,,1,https://melosnoivas.pt/images/galeria/cerimonia/314159-scaled.webp,https://melosnoivas.pt/index.php?option=com_content&view=article&id=25
Cerimónia,Galeria,3646C_FRONT,,1,https://melosnoivas.pt/images/galeria/cerimonia/3646C_Front.jpg,https://melosnoivas.pt/index.php?option=com_content&view=article&id=25
Cerimónia,Galeria,(sem referência identificável),4920 €,1,https://melosnoivas.pt/images/galeria/cerimonia/49201-2.jpg,https://melosnoivas.pt/index.php?option=com_content&view=article&id=25
Cerimónia,Galeria,(sem referência identificável),4920 €,1,https://melosnoivas.pt/images/galeria/cerimonia/49201-3.jpg,https://melosnoivas.pt/index.php?option=com_content&view=article&id=25
Cerimónia,Galeria,(sem referência identificável),4920 €,1,https://melosnoivas.pt/images/galeria/cerimonia/49201.jpg,https://melosnoivas.pt/index.php?option=com_content&view=article&id=25
Cerimónia,Galeria,(sem referência identificável),4920 €,1,https://melosnoivas.pt/images/galeria/cerimonia/49202-2.jpg,https://melosnoivas.pt/index.php?option=com_content&view=article&id=25
Cerimónia,Galeria,(sem referência identificável),4920 €,1,https://melosnoivas.pt/images/galeria/cerimonia/49202.jpg,https://melosnoivas.pt/index.php?option=com_content&view=article&id=25
Cerimónia,Galeria,(sem referência identificável),4920 €,1,https://melosnoivas.pt/images/galeria/cerimonia/49204-1.jpg,https://melosnoivas.pt/index.php?option=com_content&view=article&id=25
Cerimónia,Galeria,(sem referência identificável),4920 €,1,https://melosnoivas.pt/images/galeria/cerimonia/49204-2.jpg,https://melosnoivas.pt/index.php?option=com_content&view=article&id=25
Cerimónia,Galeria,(sem referência identificável),4924 €,1,https://melosnoivas.pt/images/galeria/cerimonia/49243-2.jpg,https://melosnoivas.pt/index.php?option=com_content&view=article&id=25
Cerimónia,Galeria,(sem referência identificável),4924 €,1,https://melosnoivas.pt/images/galeria/cerimonia/49243.jpg,https://melosnoivas.pt/index.php?option=com_content&view=article&id=25
Cerimónia,Galeria,(sem referência identificável),4929 €,1,https://melosnoivas.pt/images/galeria/cerimonia/49290-1.jpg,https://melosnoivas.pt/index.php?option=com_content&view=article&id=25
Cerimónia,Galeria,(sem referência identificável),4929 €,1,https://melosnoivas.pt/images/galeria/cerimonia/49290-2.jpg,https://melosnoivas.pt/index.php?option=com_content&view=article&id=25
Cerimónia,Galeria,(sem referência identificável),4929 €,1,https://melosnoivas.pt/images/galeria/cerimonia/49290.jpg,https://melosnoivas.pt/index.php?option=com_content&view=article&id=25
Cerimónia,Galeria,(sem referência identificável),5400 €,1,https://melosnoivas.pt/images/galeria/cerimonia/54004.jpg,https://melosnoivas.pt/index.php?option=com_content&view=article&id=25
Cerimónia,Galeria,785N_FRONT,,1,https://melosnoivas.pt/images/galeria/cerimonia/785N_Front.jpg,https://melosnoivas.pt/index.php?option=com_content&view=article&id=25
Cerimónia,Galeria,9059_BA,,1,https://melosnoivas.pt/images/galeria/cerimonia/9059_BA.jpg,https://melosnoivas.pt/index.php?option=com_content&view=article&id=25
Cerimónia,Galeria,9059_F,,1,https://melosnoivas.pt/images/galeria/cerimonia/9059_F.JPG,https://melosnoivas.pt/index.php?option=com_content&view=article&id=25
Cerimónia,Galeria,D16557 BACK,,1,https://melosnoivas.pt/images/galeria/cerimonia/D16557%20BACK.jpg,https://melosnoivas.pt/index.php?option=com_content&view=article&id=25
Cerimónia,Galeria,D16557 FRONT,,1,https://melosnoivas.pt/images/galeria/cerimonia/D16557%20FRONT.jpg,https://melosnoivas.pt/index.php?option=com_content&view=article&id=25
Cerimónia,Galeria,ENDRINA-1,,1,https://melosnoivas.pt/images/galeria/cerimonia/ENDRINA-1.jpg,https://melosnoivas.pt/index.php?option=com_content&view=article&id=25
Cerimónia,Galeria,ENDRINA-2,,1,https://melosnoivas.pt/images/galeria/cerimonia/ENDRINA-2.jpg,https://melosnoivas.pt/index.php?option=com_content&view=article&id=25
Cerimónia,Galeria,M1870-MIDNIGHTBLUEX1200,,1,https://melosnoivas.pt/images/galeria/cerimonia/M1870-MIDNIGHTBLUEx1200.jpg,https://melosnoivas.pt/index.php?option=com_content&view=article&id=25
Cerimónia,Galeria,M1870BX1200,,1,https://melosnoivas.pt/images/galeria/cerimonia/M1870Bx1200.jpg,https://melosnoivas.pt/index.php?option=com_content&view=article&id=25
Cerimónia,Galeria,M1972-HUNTER-ZOOM,,1,https://melosnoivas.pt/images/galeria/cerimonia/M1972-HUNTER-zoom.jpg,https://melosnoivas.pt/index.php?option=com_content&view=article&id=25
Cerimónia,Galeria,M7983-ROSEGOLD-ZOOM,,1,https://melosnoivas.pt/images/galeria/cerimonia/M7983-ROSEGOLD-zoom.jpg,https://melosnoivas.pt/index.php?option=com_content&view=article&id=25
Cerimónia,Galeria,M7983B-ROSEGOLD-ZOOM,,1,https://melosnoivas.pt/images/galeria/cerimonia/M7983B-ROSEGOLD-zoom.jpg,https://melosnoivas.pt/index.php?option=com_content&view=article&id=25
Cerimónia,Galeria,Z,,12,https://melosnoivas.pt/images/galeria/cerimonia/z%281%29.jpg | https://melosnoivas.pt/images/galeria/cerimonia/z%2810%29.jpg | https://melosnoivas.pt/images/galeria/cerimonia/z%2811%29.jpg | https://melosnoivas.pt/images/galeria/cerimonia/z%2812%29.jpg | https://melosnoivas.pt/images/galeria/cerimonia/z%282%29.jpg | https://melosnoivas.pt/images/galeria/cerimonia/z%283%29.jpg | https://melosnoivas.pt/images/galeria/cerimonia/z%284%29.jpg | https://melosnoivas.pt/images/galeria/cerimonia/z%285%29...,https://melosnoivas.pt/index.php?option=com_content&view=article&id=25
Criança,Galeria,(sem referência identificável),,1,https://melosnoivas.pt/images/galeria/crianca/020.jpg,https://melosnoivas.pt/index.php?option=com_content&view=article&id=26
Criança,Galeria,(sem referência identificável),,1,https://melosnoivas.pt/images/galeria/crianca/1%20%281%29.jpg,https://melosnoivas.pt/index.php?option=com_content&view=article&id=26
Criança,Galeria,(sem referência identificável),,1,https://melosnoivas.pt/images/galeria/crianca/1%20%2816%29.jpg,https://melosnoivas.pt/index.php?option=com_content&view=article&id=26
Criança,Galeria,(sem referência identificável),,1,https://melosnoivas.pt/images/galeria/crianca/1%20%282%29.jpg,https://melosnoivas.pt/index.php?option=com_content&view=article&id=26
Criança,Galeria,(sem referência identificável),,1,https://melosnoivas.pt/images/galeria/crianca/1%20%283%29.jpg,https://melosnoivas.pt/index.php?option=com_content&view=article&id=26
Criança,Galeria,(sem referência identificável),,1,https://melosnoivas.pt/images/galeria/crianca/1%20%284%29.jpg,https://melosnoivas.pt/index.php?option=com_content&view=article&id=26
Criança,Galeria,(sem referência identificável),,1,https://melosnoivas.pt/images/galeria/crianca/1%20%285%29.jpg,https://melosnoivas.pt/index.php?option=com_content&view=article&id=26
Criança,Galeria,(sem referência identificável),,1,https://melosnoivas.pt/images/galeria/crianca/1%20%286%29.jpg,https://melosnoivas.pt/index.php?option=com_content&view=article&id=26
Criança,Galeria,(sem referência identificável),,1,https://melosnoivas.pt/images/galeria/crianca/1%20%287%29.jpg,https://melosnoivas.pt/index.php?option=com_content&view=article&id=26
Criança,Galeria,(sem referência identificável),,1,https://melosnoivas.pt/images/galeria/crianca/1%20%288%29.jpg,https://melosnoivas.pt/index.php?option=com_content&view=article&id=26
Criança,Galeria,(sem referência identificável),,1,https://melosnoivas.pt/images/galeria/crianca/1%20%289%29.jpg,https://melosnoivas.pt/index.php?option=com_content&view=article&id=26
Criança,Galeria,(sem referência identificável),738 €,1,https://melosnoivas.pt/images/galeria/crianca/17-738%281%29.jpg,https://melosnoivas.pt/index.php?option=com_content&view=article&id=26
Criança,Galeria,84687533_477923049568342_6842089932836569088_O,,1,https://melosnoivas.pt/images/galeria/crianca/84687533_477923049568342_6842089932836569088_o.jpg,https://melosnoivas.pt/index.php?option=com_content&view=article&id=26
Criança,Galeria,85023197_477925119568135_8420752033459470336_O,,1,https://melosnoivas.pt/images/galeria/crianca/85023197_477925119568135_8420752033459470336_o%20%281%29.jpg,https://melosnoivas.pt/index.php?option=com_content&view=article&id=26
Criança,Galeria,85023201_477924126234901_455832141914177536_O,,1,https://melosnoivas.pt/images/galeria/crianca/85023201_477924126234901_455832141914177536_o%20%281%29.jpg,https://melosnoivas.pt/index.php?option=com_content&view=article&id=26
Criança,Galeria,85106045_477922586235055_903224376738971648_O,,1,https://melosnoivas.pt/images/galeria/crianca/85106045_477922586235055_903224376738971648_o.jpg,https://melosnoivas.pt/index.php?option=com_content&view=article&id=26
Criança,Galeria,86477261_477922656235048_3560705755864629248_O,,1,https://melosnoivas.pt/images/galeria/crianca/86477261_477922656235048_3560705755864629248_o%20%281%29.jpg,https://melosnoivas.pt/index.php?option=com_content&view=article&id=26
Criança,Galeria,86695790_477925616234752_1635417413379948544_O,,1,https://melosnoivas.pt/images/galeria/crianca/86695790_477925616234752_1635417413379948544_o.jpg,https://melosnoivas.pt/index.php?option=com_content&view=article&id=26
Criança,Galeria,86701828_477925809568066_4848318611695075328_O,,1,https://melosnoivas.pt/images/galeria/crianca/86701828_477925809568066_4848318611695075328_o.jpg,https://melosnoivas.pt/index.php?option=com_content&view=article&id=26
Criança,Galeria,86723638_477922979568349_2878727642897448960_O,,1,https://melosnoivas.pt/images/galeria/crianca/86723638_477922979568349_2878727642897448960_o.jpg,https://melosnoivas.pt/index.php?option=com_content&view=article&id=26
Criança,Galeria,AG20252,,4,https://melosnoivas.pt/images/galeria/crianca/AG20252%281%29%28180.00C.CAM%29.jpg | https://melosnoivas.pt/images/galeria/crianca/AG20252%282%29%28180.00C-CAM%29.jpg | https://melosnoivas.pt/images/galeria/crianca/AG20252%283%29%28180.00C-CAM%29.jpg | https://melosnoivas.pt/images/galeria/crianca/AG20252%284%29%28180.00C-CAM%29.jpg,https://melosnoivas.pt/index.php?option=com_content&view=article&id=26
Criança,Galeria,AM2003P,,2,https://melosnoivas.pt/images/galeria/crianca/AM2003P%282%29%2889-PhotoRoom.jpg | https://melosnoivas.pt/images/galeria/crianca/AM2003P%2889-PhotoRoom.jpg,https://melosnoivas.pt/index.php?option=com_content&view=article&id=26
Criança,Galeria,AM4840,,2,https://melosnoivas.pt/images/galeria/crianca/AM4840%28139-PhotoRoom%20%281%29.jpg | https://melosnoivas.pt/images/galeria/crianca/AM4840%282%29%28139-PhotoRoom%20%281%29.jpg,https://melosnoivas.pt/index.php?option=com_content&view=article&id=26
Criança,Galeria,BG77006,,2,https://melosnoivas.pt/images/galeria/crianca/BG77006%28215%E2%82%AC%29%281%29-.jpg | https://melosnoivas.pt/images/galeria/crianca/BG77006%28215%E2%82%AC%29.jpg,https://melosnoivas.pt/index.php?option=com_content&view=article&id=26
Criança,Galeria,CL23315,,3,https://melosnoivas.pt/images/galeria/crianca/CL23315%28210%E2%82%AC%29%282%29.jpg | https://melosnoivas.pt/images/galeria/crianca/CL23315%28210%E2%82%AC%29.jpg | https://melosnoivas.pt/images/galeria/crianca/CL23315%28217.25%E2%82%AC%29%282%29.jpg,https://melosnoivas.pt/index.php?option=com_content&view=article&id=26
Criança,Galeria,CL23317,,2,https://melosnoivas.pt/images/galeria/crianca/CL23317%28207.50%29%281%29.jpg | https://melosnoivas.pt/images/galeria/crianca/CL23317%28207.50%29.jpg,https://melosnoivas.pt/index.php?option=com_content&view=article&id=26
Criança,Galeria,CL24325,,1,https://melosnoivas.pt/images/galeria/crianca/CL24325%28219.75%29.jpg,https://melosnoivas.pt/index.php?option=com_content&view=article&id=26
Criança,Galeria,IMG_2232-CROP,,1,https://melosnoivas.pt/images/galeria/crianca/IMG_2232-crop.JPG,https://melosnoivas.pt/index.php?option=com_content&view=article&id=26
Criança,Galeria,IMG_2235,,1,https://melosnoivas.pt/images/galeria/crianca/IMG_2235.JPG,https://melosnoivas.pt/index.php?option=com_content&view=article&id=26
Criança,Galeria,IMG_2236,,1,https://melosnoivas.pt/images/galeria/crianca/IMG_2236.JPG,https://melosnoivas.pt/index.php?option=com_content&view=article&id=26
Criança,Galeria,IMG_2243,,1,https://melosnoivas.pt/images/galeria/crianca/IMG_2243.JPG,https://melosnoivas.pt/index.php?option=com_content&view=article&id=26
Criança,Galeria,IMG_2261,,1,https://melosnoivas.pt/images/galeria/crianca/IMG_2261.JPG,https://melosnoivas.pt/index.php?option=com_content&view=article&id=26
Criança,Galeria,IMG_2277,,1,https://melosnoivas.pt/images/galeria/crianca/IMG_2277.JPG,https://melosnoivas.pt/index.php?option=com_content&view=article&id=26
Criança,Galeria,IMG_2285,,1,https://melosnoivas.pt/images/galeria/crianca/IMG_2285.JPG,https://melosnoivas.pt/index.php?option=com_content&view=article&id=26
Criança,Galeria,MF07.345,,2,https://melosnoivas.pt/images/galeria/crianca/MF07.345%281%29%28124.90%29.jpg | https://melosnoivas.pt/images/galeria/crianca/MF07.345%282%29%28124.90%29.jpg,https://melosnoivas.pt/index.php?option=com_content&view=article&id=26
Criança,Galeria,MN18019,,2,https://melosnoivas.pt/images/galeria/crianca/MN18019%282%29%28269-PhotoRoom.jpg | https://melosnoivas.pt/images/galeria/crianca/MN18019%28269-PhotoRoom.jpg,https://melosnoivas.pt/index.php?option=com_content&view=article&id=26
Criança,Galeria,MN220002C,,1,https://melosnoivas.pt/images/galeria/crianca/MN220002C%28245%29.jpg,https://melosnoivas.pt/index.php?option=com_content&view=article&id=26
Criança,Galeria,MN220002CA,,1,https://melosnoivas.pt/images/galeria/crianca/MN220002CA%28245%29.jpg,https://melosnoivas.pt/index.php?option=com_content&view=article&id=26
Criança,Galeria,MN220008,,2,https://melosnoivas.pt/images/galeria/crianca/MN220008%282%29%28275%29-PhotoRoom.jpg | https://melosnoivas.pt/images/galeria/crianca/MN220008%28275%29-PhotoRoom.jpg,https://melosnoivas.pt/index.php?option=com_content&view=article&id=26
Criança,Galeria,MN220010,,2,https://melosnoivas.pt/images/galeria/crianca/MN220010%281%29%28125.00%29.jpg | https://melosnoivas.pt/images/galeria/crianca/MN220010%282%29%28125.00%29.jpg,https://melosnoivas.pt/index.php?option=com_content&view=article&id=26
Criança,Galeria,MN230006,,2,https://melosnoivas.pt/images/galeria/crianca/MN230006%281%29%28195.00%29.jpg | https://melosnoivas.pt/images/galeria/crianca/MN230006%282%29%28195.00%29.jpg,https://melosnoivas.pt/index.php?option=com_content&view=article&id=26
Criança,Galeria,MN24002,,1,https://melosnoivas.pt/images/galeria/crianca/MN24002%28239.75%29%20%282%29.jpg,https://melosnoivas.pt/index.php?option=com_content&view=article&id=26
Criança,Galeria,MN24002A,,1,https://melosnoivas.pt/images/galeria/crianca/MN24002A%28239.75%29%20%282%29.jpg,https://melosnoivas.pt/index.php?option=com_content&view=article&id=26
Criança,Galeria,MN24005,,2,https://melosnoivas.pt/images/galeria/crianca/MN24005%281%29%28124.90%29.jpg | https://melosnoivas.pt/images/galeria/crianca/MN24005%282%29%28124.90%29.jpg,https://melosnoivas.pt/index.php?option=com_content&view=article&id=26
Criança,Galeria,MN24006,350.00 €,2,https://melosnoivas.pt/images/galeria/crianca/MN24006%281%29%28350.00%29.jpg | https://melosnoivas.pt/images/galeria/crianca/MN24006%282%29%28350.00%29.jpg,https://melosnoivas.pt/index.php?option=com_content&view=article&id=26
Criança,Galeria,MN24007,,2,https://melosnoivas.pt/images/galeria/crianca/MN24007%281%29%28195.00%29.jpg | https://melosnoivas.pt/images/galeria/crianca/MN24007%282%29%28195.00%29.jpg,https://melosnoivas.pt/index.php?option=com_content&view=article&id=26
Criança,Galeria,PC117P009,,2,https://melosnoivas.pt/images/galeria/crianca/PC117P009%281%29%28154.90%29.jpg | https://melosnoivas.pt/images/galeria/crianca/PC117P009%282%29%28154.90%29.jpg,https://melosnoivas.pt/index.php?option=com_content&view=article&id=26
Criança,Galeria,PC120P193,,2,https://melosnoivas.pt/images/galeria/crianca/PC120P193%281%29%28224.90%29.jpg | https://melosnoivas.pt/images/galeria/crianca/PC120P193%282%29%28224.90%29.jpg,https://melosnoivas.pt/index.php?option=com_content&view=article&id=26
Criança,Galeria,PCCONJ.120P235,307 €,1,https://melosnoivas.pt/images/galeria/crianca/PCConj.120p235%28307%29.jpg,https://melosnoivas.pt/index.php?option=com_content&view=article&id=26
Criança,Galeria,PCCVESTP325A,,1,https://melosnoivas.pt/images/galeria/crianca/pccvestp325a.jpg,https://melosnoivas.pt/index.php?option=com_content&view=article&id=26
Criança,Galeria,PCCVESTP325B,,1,https://melosnoivas.pt/images/galeria/crianca/pccvestp325b.jpg,https://melosnoivas.pt/index.php?option=com_content&view=article&id=26
Criança,Galeria,PCVESTP317P318P319,,1,https://melosnoivas.pt/images/galeria/crianca/pcvestp317p318p319.png,https://melosnoivas.pt/index.php?option=com_content&view=article&id=26
Criança,Galeria,PCVESTP352,,1,https://melosnoivas.pt/images/galeria/crianca/pcvestp352.png,https://melosnoivas.pt/index.php?option=com_content&view=article&id=26
Criança,Galeria,PCVESTP352A,,1,https://melosnoivas.pt/images/galeria/crianca/pcvestp352a.jpg,https://melosnoivas.pt/index.php?option=com_content&view=article&id=26
Criança,Galeria,PCVESTP415P070,,1,https://melosnoivas.pt/images/galeria/crianca/pcvestp415p070.jpg,https://melosnoivas.pt/index.php?option=com_content&view=article&id=26
Criança,Galeria,PCVESTP417P313P070,,1,https://melosnoivas.pt/images/galeria/crianca/pcvestp417p313p070.jpg,https://melosnoivas.pt/index.php?option=com_content&view=article&id=26
Criança,Galeria,PPP1-5991,,2,https://melosnoivas.pt/images/galeria/crianca/PPP1-5991%281%29%28190.00%29.jpg | https://melosnoivas.pt/images/galeria/crianca/PPP1-5991%282%29%28190.00%29.jpg,https://melosnoivas.pt/index.php?option=com_content&view=article&id=26
Criança,Galeria,PRODUCT_IMG_13212_FEATURE_IMG-1120X1606,,2,https://melosnoivas.pt/images/galeria/crianca/product_img_13212_feature_img-1120x1606%20%281%29.jpg | https://melosnoivas.pt/images/galeria/crianca/product_img_13212_feature_img-1120x1606.jpg,https://melosnoivas.pt/index.php?option=com_content&view=article&id=26
Criança,Galeria,PRODUCT_IMG_13212_GALLERY_IMG_1-1120X1606,,1,https://melosnoivas.pt/images/galeria/crianca/product_img_13212_gallery_img_1-1120x1606.jpg,https://melosnoivas.pt/index.php?option=com_content&view=article&id=26
Criança,Galeria,PRODUCT_IMG_13212_GALLERY_IMG_3-1120X1606,,1,https://melosnoivas.pt/images/galeria/crianca/product_img_13212_gallery_img_3-1120x1606.jpg,https://melosnoivas.pt/index.php?option=com_content&view=article&id=26
Criança,Galeria,RMVESTC4004LEI,425 €,1,https://melosnoivas.pt/images/galeria/crianca/RMVESTC4004LEI%28425-PhotoRoom.jpg,https://melosnoivas.pt/index.php?option=com_content&view=article&id=26
Criança,Galeria,RMVESTC4004LEI2,425 €,1,https://melosnoivas.pt/images/galeria/crianca/RMVESTC4004LEI2%28425-PhotoRoom.jpg,https://melosnoivas.pt/index.php?option=com_content&view=article&id=26
Criança,Galeria,S1931,,2,https://melosnoivas.pt/images/galeria/crianca/S1931%28114-PhotoRoom.jpg | https://melosnoivas.pt/images/galeria/crianca/S1931%282%29%28114-PhotoRoom%20%281%29.jpg,https://melosnoivas.pt/index.php?option=com_content&view=article&id=26
Criança,Galeria,S1956,,2,https://melosnoivas.pt/images/galeria/crianca/S1956%28129-PhotoRoom.jpg | https://melosnoivas.pt/images/galeria/crianca/S1956%282%29%28129-PhotoRoom.jpg,https://melosnoivas.pt/index.php?option=com_content&view=article&id=26
Criança,Galeria,V16-9006,,2,https://melosnoivas.pt/images/galeria/crianca/V16-9006%28124-PhotoRoom.jpg | https://melosnoivas.pt/images/galeria/crianca/V16-9006%282%29%28124-PhotoRoom.jpg,https://melosnoivas.pt/index.php?option=com_content&view=article&id=26
Criança,Galeria,V709003,,2,https://melosnoivas.pt/images/galeria/crianca/V709003%28169-PhotoRoom.jpg | https://melosnoivas.pt/images/galeria/crianca/V709003%282%29%28169-PhotoRoom.jpg,https://melosnoivas.pt/index.php?option=com_content&view=article&id=26
Acessórios,Galeria,(sem referência identificável),,1,https://melosnoivas.pt/images/galeria/acessorios/0023.png,https://melosnoivas.pt/index.php?option=com_content&view=article&id=24
Acessórios,Galeria,(sem referência identificável),,1,https://melosnoivas.pt/images/galeria/acessorios/0029.png,https://melosnoivas.pt/index.php?option=com_content&view=article&id=24
Acessórios,Galeria,(sem referência identificável),,1,https://melosnoivas.pt/images/galeria/acessorios/0030.png,https://melosnoivas.pt/index.php?option=com_content&view=article&id=24
Acessórios,Galeria,102709884_3038546729554716_3974454003091905416_O,,1,https://melosnoivas.pt/images/galeria/acessorios/102709884_3038546729554716_3974454003091905416_o.jpg,https://melosnoivas.pt/index.php?option=com_content&view=article&id=24
Acessórios,Galeria,104000072_3038546549554734_8705239338522328615_O,,1,https://melosnoivas.pt/images/galeria/acessorios/104000072_3038546549554734_8705239338522328615_o.jpg,https://melosnoivas.pt/index.php?option=com_content&view=article&id=24
Acessórios,Galeria,104112423_3038546389554750_8047830891227677895_O,,1,https://melosnoivas.pt/images/galeria/acessorios/104112423_3038546389554750_8047830891227677895_o.jpg,https://melosnoivas.pt/index.php?option=com_content&view=article&id=24
Acessórios,Galeria,(sem referência identificável),2020 €,1,https://melosnoivas.pt/images/galeria/acessorios/20200812_171022.jpg,https://melosnoivas.pt/index.php?option=com_content&view=article&id=24
Acessórios,Galeria,(sem referência identificável),2020 €,1,https://melosnoivas.pt/images/galeria/acessorios/20200812_171042.jpg,https://melosnoivas.pt/index.php?option=com_content&view=article&id=24
Acessórios,Galeria,(sem referência identificável),2020 €,1,https://melosnoivas.pt/images/galeria/acessorios/20200812_171642.jpg,https://melosnoivas.pt/index.php?option=com_content&view=article&id=24
Acessórios,Galeria,(sem referência identificável),2020 €,1,https://melosnoivas.pt/images/galeria/acessorios/20200812_171659.jpg,https://melosnoivas.pt/index.php?option=com_content&view=article&id=24
Acessórios,Galeria,(sem referência identificável),2020 €,1,https://melosnoivas.pt/images/galeria/acessorios/20200812_172511.jpg,https://melosnoivas.pt/index.php?option=com_content&view=article&id=24
Acessórios,Galeria,(sem referência identificável),2020 €,1,https://melosnoivas.pt/images/galeria/acessorios/20200812_172520.jpg,https://melosnoivas.pt/index.php?option=com_content&view=article&id=24
Acessórios,Galeria,(sem referência identificável),2020 €,1,https://melosnoivas.pt/images/galeria/acessorios/20200812_173410.jpg,https://melosnoivas.pt/index.php?option=com_content&view=article&id=24
Acessórios,Galeria,(sem referência identificável),2020 €,1,https://melosnoivas.pt/images/galeria/acessorios/20200812_174044.jpg,https://melosnoivas.pt/index.php?option=com_content&view=article&id=24
Acessórios,Galeria,(sem referência identificável),2020 €,1,https://melosnoivas.pt/images/galeria/acessorios/20200812_174105.jpg,https://melosnoivas.pt/index.php?option=com_content&view=article&id=24
Acessórios,Galeria,(sem referência identificável),2020 €,1,https://melosnoivas.pt/images/galeria/acessorios/20200812_174122.jpg,https://melosnoivas.pt/index.php?option=com_content&view=article&id=24
Acessórios,Galeria,(sem referência identificável),2020 €,1,https://melosnoivas.pt/images/galeria/acessorios/20200812_174608.jpg,https://melosnoivas.pt/index.php?option=com_content&view=article&id=24
Acessórios,Galeria,(sem referência identificável),2020 €,1,https://melosnoivas.pt/images/galeria/acessorios/20200812_174632.jpg,https://melosnoivas.pt/index.php?option=com_content&view=article&id=24
Acessórios,Galeria,(sem referência identificável),2020 €,1,https://melosnoivas.pt/images/galeria/acessorios/20200812_174731.jpg,https://melosnoivas.pt/index.php?option=com_content&view=article&id=24
Acessórios,Galeria,(sem referência identificável),2020 €,1,https://melosnoivas.pt/images/galeria/acessorios/20200812_175514.jpg,https://melosnoivas.pt/index.php?option=com_content&view=article&id=24
Acessórios,Galeria,(sem referência identificável),2020 €,1,https://melosnoivas.pt/images/galeria/acessorios/20200812_175523.jpg,https://melosnoivas.pt/index.php?option=com_content&view=article&id=24
Acessórios,Galeria,(sem referência identificável),2020 €,1,https://melosnoivas.pt/images/galeria/acessorios/20200812_180229.jpg,https://melosnoivas.pt/index.php?option=com_content&view=article&id=24
Acessórios,Galeria,(sem referência identificável),2020 €,1,https://melosnoivas.pt/images/galeria/acessorios/20200812_180248.jpg,https://melosnoivas.pt/index.php?option=com_content&view=article&id=24
Acessórios,Galeria,(sem referência identificável),2020 €,1,https://melosnoivas.pt/images/galeria/acessorios/20200812_180526.jpg,https://melosnoivas.pt/index.php?option=com_content&view=article&id=24
Acessórios,Galeria,(sem referência identificável),2020 €,1,https://melosnoivas.pt/images/galeria/acessorios/20200812_180541.jpg,https://melosnoivas.pt/index.php?option=com_content&view=article&id=24
Acessórios,Galeria,(sem referência identificável),2020 €,1,https://melosnoivas.pt/images/galeria/acessorios/20200812_180818.jpg,https://melosnoivas.pt/index.php?option=com_content&view=article&id=24
Acessórios,Galeria,(sem referência identificável),2020 €,1,https://melosnoivas.pt/images/galeria/acessorios/20200812_180830.jpg,https://melosnoivas.pt/index.php?option=com_content&view=article&id=24
Acessórios,Galeria,(sem referência identificável),2020 €,1,https://melosnoivas.pt/images/galeria/acessorios/20200812_181129.jpg,https://melosnoivas.pt/index.php?option=com_content&view=article&id=24
Acessórios,Galeria,(sem referência identificável),2020 €,1,https://melosnoivas.pt/images/galeria/acessorios/20200812_181134.jpg,https://melosnoivas.pt/index.php?option=com_content&view=article&id=24
Acessórios,Galeria,(sem referência identificável),2020 €,1,https://melosnoivas.pt/images/galeria/acessorios/20200812_181357.jpg,https://melosnoivas.pt/index.php?option=com_content&view=article&id=24
Acessórios,Galeria,(sem referência identificável),2020 €,1,https://melosnoivas.pt/images/galeria/acessorios/20200812_181408.jpg,https://melosnoivas.pt/index.php?option=com_content&view=article&id=24
Acessórios,Galeria,(sem referência identificável),2020 €,1,https://melosnoivas.pt/images/galeria/acessorios/20200812_181643.jpg,https://melosnoivas.pt/index.php?option=com_content&view=article&id=24
Acessórios,Galeria,(sem referência identificável),2020 €,1,https://melosnoivas.pt/images/galeria/acessorios/20200812_181702.jpg,https://melosnoivas.pt/index.php?option=com_content&view=article&id=24
Acessórios,Galeria,(sem referência identificável),2020 €,1,https://melosnoivas.pt/images/galeria/acessorios/20200812_182023.jpg,https://melosnoivas.pt/index.php?option=com_content&view=article&id=24
Acessórios,Galeria,(sem referência identificável),2020 €,1,https://melosnoivas.pt/images/galeria/acessorios/20200812_182036.jpg,https://melosnoivas.pt/index.php?option=com_content&view=article&id=24
Acessórios,Galeria,(sem referência identificável),2902 €,1,https://melosnoivas.pt/images/galeria/acessorios/2902_04188.jpg,https://melosnoivas.pt/index.php?option=com_content&view=article&id=24
Acessórios,Galeria,(sem referência identificável),2902 €,1,https://melosnoivas.pt/images/galeria/acessorios/2902_11969.jpg,https://melosnoivas.pt/index.php?option=com_content&view=article&id=24
Acessórios,Galeria,(sem referência identificável),2902 €,1,https://melosnoivas.pt/images/galeria/acessorios/2902_12015.jpg,https://melosnoivas.pt/index.php?option=com_content&view=article&id=24
Acessórios,Galeria,(sem referência identificável),2902 €,1,https://melosnoivas.pt/images/galeria/acessorios/2902_12064.jpg,https://melosnoivas.pt/index.php?option=com_content&view=article&id=24
Acessórios,Galeria,(sem referência identificável),2902 €,1,https://melosnoivas.pt/images/galeria/acessorios/2902_12077.jpg,https://melosnoivas.pt/index.php?option=com_content&view=article&id=24
Acessórios,Galeria,(sem referência identificável),2905 €,1,https://melosnoivas.pt/images/galeria/acessorios/2905_06489.jpg,https://melosnoivas.pt/index.php?option=com_content&view=article&id=24
Acessórios,Galeria,(sem referência identificável),2905 €,1,https://melosnoivas.pt/images/galeria/acessorios/2905_06502.jpg,https://melosnoivas.pt/index.php?option=com_content&view=article&id=24
Acessórios,Galeria,2923-A005_20114,,1,https://melosnoivas.pt/images/galeria/acessorios/2923-a005_20114.jpg,https://melosnoivas.pt/index.php?option=com_content&view=article&id=24
Acessórios,Galeria,3530HVCAPE63,,1,https://melosnoivas.pt/images/galeria/acessorios/3530hVcape63.jpeg,https://melosnoivas.pt/index.php?option=com_content&view=article&id=24
Acessórios,Galeria,3530JVCAPE63,,1,https://melosnoivas.pt/images/galeria/acessorios/3530jVcape63.jpeg,https://melosnoivas.pt/index.php?option=com_content&view=article&id=24
Acessórios,Galeria,(sem referência identificável),3537 €,1,https://melosnoivas.pt/images/galeria/acessorios/3537%20%284%29.jpeg,https://melosnoivas.pt/index.php?option=com_content&view=article&id=24
Acessórios,Galeria,(sem referência identificável),3537 €,1,https://melosnoivas.pt/images/galeria/acessorios/3537%20%285%29.jpeg,https://melosnoivas.pt/index.php?option=com_content&view=article&id=24
Acessórios,Galeria,(sem referência identificável),3537 €,1,https://melosnoivas.pt/images/galeria/acessorios/3537%20%286%29.jpeg,https://melosnoivas.pt/index.php?option=com_content&view=article&id=24
Acessórios,Galeria,(sem referência identificável),3537 €,1,https://melosnoivas.pt/images/galeria/acessorios/3537%20%287%29.jpeg,https://melosnoivas.pt/index.php?option=com_content&view=article&id=24
Acessórios,Galeria,(sem referência identificável),6310 €,1,https://melosnoivas.pt/images/galeria/acessorios/63106_10234_09836.jpg,https://melosnoivas.pt/index.php?option=com_content&view=article&id=24
Acessórios,Galeria,(sem referência identificável),6310 €,1,https://melosnoivas.pt/images/galeria/acessorios/63106_10234_09888.jpg,https://melosnoivas.pt/index.php?option=com_content&view=article&id=24
Acessórios,Galeria,63136_10228_08568_18BE191B-FA7C-441F-A028-E8803B7F14FE_720X,,1,https://melosnoivas.pt/images/galeria/acessorios/63136_10228_08568_18be191b-fa7c-441f-a028-e8803b7f14fe_720x.JPG,https://melosnoivas.pt/index.php?option=com_content&view=article&id=24
Acessórios,Galeria,63152_10228_07415_979AB2BC-C449-4463-80B3-FEA433EC5620_720X,,1,https://melosnoivas.pt/images/galeria/acessorios/63152_10228_07415_979ab2bc-c449-4463-80b3-fea433ec5620_720x.JPG,https://melosnoivas.pt/index.php?option=com_content&view=article&id=24
Acessórios,Galeria,63152_10228_07464_42A076FB-7B5D-491F-8ADC-B5BE9BC94B59_720X,,1,https://melosnoivas.pt/images/galeria/acessorios/63152_10228_07464_42a076fb-7b5d-491f-8adc-b5be9bc94b59_720x.JPG,https://melosnoivas.pt/index.php?option=com_content&view=article&id=24
Acessórios,Galeria,(sem referência identificável),6993 €,1,https://melosnoivas.pt/images/galeria/acessorios/69938%2669922_023.jpg,https://melosnoivas.pt/index.php?option=com_content&view=article&id=24
Acessórios,Galeria,(sem referência identificável),6993 €,1,https://melosnoivas.pt/images/galeria/acessorios/69938%2669922_039.jpg,https://melosnoivas.pt/index.php?option=com_content&view=article&id=24
Acessórios,Galeria,8092 COVER DRESS,,7,https://melosnoivas.pt/images/galeria/acessorios/8092%20Cover%20dress%20%281%29.jpeg | https://melosnoivas.pt/images/galeria/acessorios/8092%20Cover%20dress%20%282%29.jpeg | https://melosnoivas.pt/images/galeria/acessorios/8092%20Cover%20dress%20%283%29.jpeg | https://melosnoivas.pt/images/galeria/acessorios/8092%20Cover%20dress%20%2834eu%2038it%202us%206uk%29.jpeg | https://melosnoivas.pt/images/galeria/acessorios/8092%20Cover%20dress%20%284%29.jpeg | https://melosnoivas.pt/images/galeria/acess...,https://melosnoivas.pt/index.php?option=com_content&view=article&id=24
Acessórios,Galeria,ACCAPA616,,1,https://melosnoivas.pt/images/galeria/acessorios/ACCAPA616%28280.00%29.jpg,https://melosnoivas.pt/index.php?option=com_content&view=article&id=24
Acessórios,Galeria,ACCAPA636,,1,https://melosnoivas.pt/images/galeria/acessorios/ACCAPA636%28175.00%29.jpg,https://melosnoivas.pt/index.php?option=com_content&view=article&id=24
Acessórios,Galeria,DJ100170,,1,https://melosnoivas.pt/images/galeria/acessorios/DJ100170.jpg,https://melosnoivas.pt/index.php?option=com_content&view=article&id=24
Acessórios,Galeria,DJ20786,,1,https://melosnoivas.pt/images/galeria/acessorios/DJ20786.jpg,https://melosnoivas.pt/index.php?option=com_content&view=article&id=24
Acessórios,Galeria,DJ20793,,1,https://melosnoivas.pt/images/galeria/acessorios/DJ20793.jpg,https://melosnoivas.pt/index.php?option=com_content&view=article&id=24
Acessórios,Galeria,DJ20993,,1,https://melosnoivas.pt/images/galeria/acessorios/DJ20993.jpg,https://melosnoivas.pt/index.php?option=com_content&view=article&id=24
Acessórios,Galeria,HEADPIECES AND VEILS-5,,1,https://melosnoivas.pt/images/galeria/acessorios/Headpieces%20and%20Veils-5.jpg,https://melosnoivas.pt/index.php?option=com_content&view=article&id=24
Acessórios,Galeria,IMAGEM WHATSAPP 2025-06-21 ÀS 17.24.38_31F65FE2,,1,https://melosnoivas.pt/images/galeria/acessorios/Imagem%20WhatsApp%202025-06-21%20%C3%A0s%2017.24.38_31f65fe2.jpg,https://melosnoivas.pt/index.php?option=com_content&view=article&id=24
Acessórios,Galeria,IMAGEM WHATSAPP 2025-06-21 ÀS 17.24.38_69279442,,1,https://melosnoivas.pt/images/galeria/acessorios/Imagem%20WhatsApp%202025-06-21%20%C3%A0s%2017.24.38_69279442.jpg,https://melosnoivas.pt/index.php?option=com_content&view=article&id=24
Acessórios,Galeria,IMAGEM WHATSAPP 2025-06-21 ÀS 17.24.38_976441B4,,1,https://melosnoivas.pt/images/galeria/acessorios/Imagem%20WhatsApp%202025-06-21%20%C3%A0s%2017.24.38_976441b4.jpg,https://melosnoivas.pt/index.php?option=com_content&view=article&id=24
Acessórios,Galeria,IMAGEM WHATSAPP 2025-06-21 ÀS 17.24.38_2760D546,,1,https://melosnoivas.pt/images/galeria/acessorios/Imagem%20WhatsApp%202025-06-21%20%C3%A0s%2017.24.38_2760d546.jpg,https://melosnoivas.pt/index.php?option=com_content&view=article&id=24
Acessórios,Galeria,IMAGEM WHATSAPP 2025-06-21 ÀS 17.24.39_2760D546,,1,https://melosnoivas.pt/images/galeria/acessorios/Imagem%20WhatsApp%202025-06-21%20%C3%A0s%2017.24.39_2760d546.jpg,https://melosnoivas.pt/index.php?option=com_content&view=article&id=24
Acessórios,Galeria,IMAGEM WHATSAPP 2025-06-21 ÀS 17.24.39_6E670529,,1,https://melosnoivas.pt/images/galeria/acessorios/Imagem%20WhatsApp%202025-06-21%20%C3%A0s%2017.24.39_6e670529.jpg,https://melosnoivas.pt/index.php?option=com_content&view=article&id=24
Acessórios,Galeria,IMAGEM WHATSAPP 2025-06-21 ÀS 17.24.40_0BDF04C9,,1,https://melosnoivas.pt/images/galeria/acessorios/Imagem%20WhatsApp%202025-06-21%20%C3%A0s%2017.24.40_0bdf04c9.jpg,https://melosnoivas.pt/index.php?option=com_content&view=article&id=24
Acessórios,Galeria,IMAGEM WHATSAPP 2025-06-21 ÀS 17.26.56_7D98FC15,,1,https://melosnoivas.pt/images/galeria/acessorios/Imagem%20WhatsApp%202025-06-21%20%C3%A0s%2017.26.56_7d98fc15.jpg,https://melosnoivas.pt/index.php?option=com_content&view=article&id=24
Acessórios,Galeria,IMAGEM WHATSAPP 2025-06-21 ÀS 17.26.57_6BD7F4DE,,1,https://melosnoivas.pt/images/galeria/acessorios/Imagem%20WhatsApp%202025-06-21%20%C3%A0s%2017.26.57_6bd7f4de.jpg,https://melosnoivas.pt/index.php?option=com_content&view=article&id=24
Acessórios,Galeria,IMAGEM WHATSAPP 2025-06-21 ÀS 17.26.58_18B69492,,1,https://melosnoivas.pt/images/galeria/acessorios/Imagem%20WhatsApp%202025-06-21%20%C3%A0s%2017.26.58_18b69492.jpg,https://melosnoivas.pt/index.php?option=com_content&view=article&id=24
Acessórios,Galeria,IMAGEM WHATSAPP 2025-06-21 ÀS 17.26.58_541A37D4,,1,https://melosnoivas.pt/images/galeria/acessorios/Imagem%20WhatsApp%202025-06-21%20%C3%A0s%2017.26.58_541a37d4.jpg,https://melosnoivas.pt/index.php?option=com_content&view=article&id=24
Acessórios,Galeria,IMAGEM WHATSAPP 2025-06-21 ÀS 17.26.58_9F3CFED5,,1,https://melosnoivas.pt/images/galeria/acessorios/Imagem%20WhatsApp%202025-06-21%20%C3%A0s%2017.26.58_9f3cfed5.jpg,https://melosnoivas.pt/index.php?option=com_content&view=article&id=24
Acessórios,Galeria,IMAGEM WHATSAPP 2025-06-21 ÀS 17.26.59_3293A977,,1,https://melosnoivas.pt/images/galeria/acessorios/Imagem%20WhatsApp%202025-06-21%20%C3%A0s%2017.26.59_3293a977.jpg,https://melosnoivas.pt/index.php?option=com_content&view=article&id=24
Acessórios,Galeria,IMAGEM WHATSAPP 2025-06-21 ÀS 17.54.14_320395B8,,1,https://melosnoivas.pt/images/galeria/acessorios/Imagem%20WhatsApp%202025-06-21%20%C3%A0s%2017.54.14_320395b8.jpg,https://melosnoivas.pt/index.php?option=com_content&view=article&id=24
Acessórios,Galeria,IMAGEM WHATSAPP 2025-06-21 ÀS 18.01.10_C1DF74D5,,1,https://melosnoivas.pt/images/galeria/acessorios/Imagem%20WhatsApp%202025-06-21%20%C3%A0s%2018.01.10_c1df74d5.jpg,https://melosnoivas.pt/index.php?option=com_content&view=article&id=24
Acessórios,Galeria,IMAGEM WHATSAPP 2025-06-21 ÀS 18.01.11_E8C16E8F,,1,https://melosnoivas.pt/images/galeria/acessorios/Imagem%20WhatsApp%202025-06-21%20%C3%A0s%2018.01.11_e8c16e8f.jpg,https://melosnoivas.pt/index.php?option=com_content&view=article&id=24
Acessórios,Galeria,IMAGEM WHATSAPP 2025-06-21 ÀS 18.01.11_F6241FE0,,1,https://melosnoivas.pt/images/galeria/acessorios/Imagem%20WhatsApp%202025-06-21%20%C3%A0s%2018.01.11_f6241fe0.jpg,https://melosnoivas.pt/index.php?option=com_content&view=article&id=24
Acessórios,Galeria,IMAGEM WHATSAPP 2025-06-21 ÀS 18.01.12_7F0969F3,,1,https://melosnoivas.pt/images/galeria/acessorios/Imagem%20WhatsApp%202025-06-21%20%C3%A0s%2018.01.12_7f0969f3.jpg,https://melosnoivas.pt/index.php?option=com_content&view=article&id=24
Acessórios,Galeria,IMAGEM WHATSAPP 2025-06-21 ÀS 18.01.12_C8FF163E,,1,https://melosnoivas.pt/images/galeria/acessorios/Imagem%20WhatsApp%202025-06-21%20%C3%A0s%2018.01.12_c8ff163e.jpg,https://melosnoivas.pt/index.php?option=com_content&view=article&id=24
Acessórios,Galeria,IMAGEM WHATSAPP 2025-06-21 ÀS 18.01.13_6AD9BC02,,1,https://melosnoivas.pt/images/galeria/acessorios/Imagem%20WhatsApp%202025-06-21%20%C3%A0s%2018.01.13_6ad9bc02.jpg,https://melosnoivas.pt/index.php?option=com_content&view=article&id=24
Acessórios,Galeria,IMAGEM WHATSAPP 2025-06-21 ÀS 18.04.23_32486C30,,1,https://melosnoivas.pt/images/galeria/acessorios/Imagem%20WhatsApp%202025-06-21%20%C3%A0s%2018.04.23_32486c30.jpg,https://melosnoivas.pt/index.php?option=com_content&view=article&id=24
Acessórios,Galeria,IMAGEM WHATSAPP 2025-06-21 ÀS 18.04.24_30A31BD6,,1,https://melosnoivas.pt/images/galeria/acessorios/Imagem%20WhatsApp%202025-06-21%20%C3%A0s%2018.04.24_30a31bd6.jpg,https://melosnoivas.pt/index.php?option=com_content&view=article&id=24
Acessórios,Galeria,IMAGEM WHATSAPP 2025-06-21 ÀS 18.06.34_DDF4336D,,1,https://melosnoivas.pt/images/galeria/acessorios/Imagem%20WhatsApp%202025-06-21%20%C3%A0s%2018.06.34_ddf4336d.jpg,https://melosnoivas.pt/index.php?option=com_content&view=article&id=24
Acessórios,Galeria,IMAGEM WHATSAPP 2025-06-21 ÀS 18.06.58_13B503C9,,1,https://melosnoivas.pt/images/galeria/acessorios/Imagem%20WhatsApp%202025-06-21%20%C3%A0s%2018.06.58_13b503c9.jpg,https://melosnoivas.pt/index.php?option=com_content&view=article&id=24
Acessórios,Galeria,LN26JAILA,1780 €,1,https://melosnoivas.pt/images/galeria/acessorios/LN26JAILA%283%29%281780.jpg,https://melosnoivas.pt/index.php?option=com_content&view=article&id=24
Acessórios,Galeria,LN26JALISA,1910 €,2,https://melosnoivas.pt/images/galeria/acessorios/LN26JALISA%281%29%281910.jpg | https://melosnoivas.pt/images/galeria/acessorios/LN26JALISA%282%29%281910.jpg,https://melosnoivas.pt/index.php?option=com_content&view=article&id=24
Acessórios,Galeria,LN26JANEK,1670 €,1,https://melosnoivas.pt/images/galeria/acessorios/LN26JANEK%282%29%281670.jpg,https://melosnoivas.pt/index.php?option=com_content&view=article&id=24
Acessórios,Galeria,LN26JARETT,2380 €,1,https://melosnoivas.pt/images/galeria/acessorios/LN26JARETT%20%283%29%282380.jpg,https://melosnoivas.pt/index.php?option=com_content&view=article&id=24
Acessórios,Galeria,LN26JAYDE,2170 €,3,https://melosnoivas.pt/images/galeria/acessorios/LN26JAYDE%281%29%282170.jpg | https://melosnoivas.pt/images/galeria/acessorios/LN26JAYDE%282%29%282170.jpg | https://melosnoivas.pt/images/galeria/acessorios/LN26JAYDE%285%29%282170.jpg,https://melosnoivas.pt/index.php?option=com_content&view=article&id=24
Acessórios,Galeria,LN26JOVAN,1940 €,2,https://melosnoivas.pt/images/galeria/acessorios/LN26JOVAN%281%29%281940.jpg | https://melosnoivas.pt/images/galeria/acessorios/LN26JOVAN%282%29%281940.jpg,https://melosnoivas.pt/index.php?option=com_content&view=article&id=24
Acessórios,Galeria,MT3530FVCAPE63,325 €,2,https://melosnoivas.pt/images/galeria/acessorios/MT3530fVcape63%281%29%28325%29.jpeg | https://melosnoivas.pt/images/galeria/acessorios/MT3530fVcape63%282%29%28325%29.jpeg,https://melosnoivas.pt/index.php?option=com_content&view=article&id=24
Acessórios,Galeria,S435-350--1--MED_002_S435-350_002X_001,,1,https://melosnoivas.pt/images/galeria/acessorios/s435-350--1--med_002_s435-350_002x_001.jpg,https://melosnoivas.pt/index.php?option=com_content&view=article&id=24
Acessórios,Galeria,S435-350--1--MED_002_S435-350_002_002,,1,https://melosnoivas.pt/images/galeria/acessorios/s435-350--1--med_002_s435-350_002_002.jpg,https://melosnoivas.pt/index.php?option=com_content&view=article&id=24
Acessórios,Galeria,S435-350--1--MED_002_S435-350_002_003,,1,https://melosnoivas.pt/images/galeria/acessorios/s435-350--1--med_002_s435-350_002_003.jpg,https://melosnoivas.pt/index.php?option=com_content&view=article&id=24
Acessórios,Galeria,S701-300--1--SOFT_002_S701-300--1--SOFT_002_05,,1,https://melosnoivas.pt/images/galeria/acessorios/s701-300--1--soft_002_s701-300--1--soft_002_05.jpg,https://melosnoivas.pt/index.php?option=com_content&view=article&id=24
Acessórios,Galeria,S701-300--1--SOFT_002_S702-300--1--SOFT_002_04,,1,https://melosnoivas.pt/images/galeria/acessorios/s701-300--1--soft_002_s702-300--1--soft_002_04.jpg,https://melosnoivas.pt/index.php?option=com_content&view=article&id=24
Acessórios,Galeria,S701_300_1_SOFT_002_S701_300_002_05,,2,https://melosnoivas.pt/images/galeria/acessorios/s701_300_1_soft_002_s701_300_002_05%20%281%29.jpg | https://melosnoivas.pt/images/galeria/acessorios/s701_300_1_soft_002_s701_300_002_05.jpg,https://melosnoivas.pt/index.php?option=com_content&view=article&id=24
Acessórios,Galeria,S701_300_1_SOFT_002_S701_300_1_SOFT_002_03,,1,https://melosnoivas.pt/images/galeria/acessorios/s701_300_1_soft_002_s701_300_1_soft_002_03.jpg,https://melosnoivas.pt/index.php?option=com_content&view=article&id=24
Acessórios,Galeria,S75516-300--1--SF_002_S75516-300_002_01,,1,https://melosnoivas.pt/images/galeria/acessorios/s75516-300--1--sf_002_S75516-300_002_01.jpg,https://melosnoivas.pt/index.php?option=com_content&view=article&id=24
Acessórios,Galeria,S75516-300--1--SF_002_S75516-300_002_02,,1,https://melosnoivas.pt/images/galeria/acessorios/s75516-300--1--sf_002_S75516-300_002_02.jpg,https://melosnoivas.pt/index.php?option=com_content&view=article&id=24
Acessórios,Galeria,S75516-300--1--SF_002_S75516-300_002_03,,1,https://melosnoivas.pt/images/galeria/acessorios/s75516-300--1--sf_002_S75516-300_002_03.jpg,https://melosnoivas.pt/index.php?option=com_content&view=article&id=24
Acessórios,Galeria,S75516-300--1--SF_002_S75516-300_01,,1,https://melosnoivas.pt/images/galeria/acessorios/s75516-300--1--sf_002_S75516-300_01.jpg,https://melosnoivas.pt/index.php?option=com_content&view=article&id=24
Acessórios,Galeria,VI10207A,,1,https://melosnoivas.pt/images/galeria/acessorios/VI10207A.JPG,https://melosnoivas.pt/index.php?option=com_content&view=article&id=24
Acessórios,Galeria,VI10207B,,1,https://melosnoivas.pt/images/galeria/acessorios/VI10207B.JPG,https://melosnoivas.pt/index.php?option=com_content&view=article&id=24
Acessórios,Galeria,VI10207C,,1,https://melosnoivas.pt/images/galeria/acessorios/VI10207C.JPG,https://melosnoivas.pt/index.php?option=com_content&view=article&id=24
